{"type":"FeatureCollection","features":[{"type":"Feature","properties":{"dma_code":662,"name":"Abilene-Sweetwater, TX","latitude":32.404348,"longitude":-99.8293625},"geometry":{"type":"Polygon","coordinates":[[[-98.66994,31.70139],[-99.0109,31.47284],[-99.23628,31.48278],[-99.31718,31.41073],[-99.62925,31.46787],[-99.70437,31.57718],[-100.23604,31.58215],[-100.23604,32.08148],[-101.18378,32.08645],[-101.17222,32.9634],[-100.5192,32.9634],[-100.5192,33.39814],[-99.47322,33.39814],[-99.47322,32.95594],[-98.57748,32.95346],[-98.57748,32.51623],[-98.47346,32.51375],[-98.47346,32.3001],[-98.92422,32.079],[-98.66994,31.70139]]]}},{"type":"Feature","properties":{"dma_code":525,"name":"Albany, GA","latitude":31.5279975,"longitude":-83.7121235},"geometry":{"type":"Polygon","coordinates":[[[-84.63867,31.43309],[-84.78892,31.43558],[-84.82937,31.60202],[-84.54621,31.6219],[-84.59822,31.92001],[-84.44218,31.96721],[-84.33816,31.87281],[-83.92208,31.91255],[-83.96253,32.0318],[-83.61002,32.02931],[-83.61002,31.85293],[-83.18237,31.85293],[-83.00323,31.77592],[-82.83564,31.81567],[-82.83564,31.67158],[-82.6276,31.67158],[-82.5987,31.5573],[-82.6276,31.2741],[-82.69694,31.27907],[-82.67383,31.18467],[-83.04946,31.18467],[-83.16504,31.1474],[-83.19971,31.02567],[-84.54043,31.07784],[-84.53465,31.25671],[-84.64445,31.25919],[-84.63867,31.43309]]]}},{"type":"Feature","properties":{"dma_code":532,"name":"Albany-Schenectady-Troy, NY","latitude":43.049266,"longitude":-73.8438695},"geometry":{"type":"Polygon","coordinates":[[[-73.02299,42.74145],[-72.95365,42.63959],[-73.01144,42.37874],[-73.06922,42.38123],[-72.99988,42.31167],[-73.05189,42.04088],[-73.51998,42.05082],[-73.52576,41.97878],[-73.93029,42.07815],[-73.99963,42.17752],[-74.07476,42.09554],[-74.53708,42.20236],[-74.42728,42.34893],[-74.71044,42.51786],[-74.62954,42.62717],[-74.64688,42.8284],[-74.76245,42.86317],[-74.71044,43.2855],[-74.86648,43.34015],[-74.77401,43.48672],[-74.85492,44.07053],[-74.2828,44.12021],[-74.25391,43.96867],[-74.33481,43.92644],[-74.21346,43.80968],[-74.04587,43.79726],[-74.05742,43.74509],[-73.38129,43.80719],[-73.4333,43.58609],[-73.30616,43.62833],[-73.24837,43.5538],[-73.25415,43.31531],[-72.82073,43.3004],[-72.86696,43.1116],[-72.9941,43.11905],[-72.93053,42.73896],[-73.02299,42.74145]]]}},{"type":"Feature","properties":{"dma_code":790,"name":"Albuquerque-Santa Fe, NM","latitude":34.4952755,"longitude":-106.526644},"geometry":{"type":"Polygon","coordinates":[[[-104.02702,31.9995],[-106.37905,32.00199],[-106.3386,33.05283],[-106.8876,32.77956],[-107.2979,32.77956],[-107.2979,31.78337],[-108.21098,31.78337],[-108.21098,31.33372],[-109.04892,31.33124],[-109.04892,34.87131],[-109.38988,34.65021],[-109.8522,34.66263],[-109.82908,35.6613],[-110.00245,35.66379],[-110.00245,36.99784],[-109.04314,37.00032],[-109.04314,37.48475],[-108.91601,37.63132],[-107.74866,37.64126],[-107.48283,37.63877],[-107.48283,37.00032],[-105.72025,36.99535],[-105.77226,37.04504],[-105.74915,37.3506],[-105.29839,37.65865],[-105.18281,37.61642],[-105.1308,37.41022],[-105.15392,36.99535],[-104.00969,36.99535],[-104.00969,36.17555],[-103.79586,36.17306],[-103.79586,36.08611],[-103.36244,36.08611],[-103.37978,35.39797],[-103.63983,35.39052],[-103.63983,35.24146],[-103.85943,35.26382],[-104.12526,35.14209],[-104.13104,34.60549],[-103.94612,34.60549],[-103.94612,34.0838],[-103.8421,34.08131],[-103.8421,33.82047],[-103.71496,33.82047],[-103.72074,33.6565],[-103.50692,33.6565],[-103.5127,33.56956],[-103.05038,33.56956],[-103.06194,32.56343],[-103.1833,32.59076],[-103.25842,32.47151],[-103.44335,32.41934],[-103.54159,32.52368],[-103.8132,32.52865],[-103.72074,32.52368],[-103.72074,31.9995],[-104.02702,31.9995]]]}},{"type":"Feature","properties":{"dma_code":644,"name":"Alexandria, LA","latitude":31.322628,"longitude":-92.61795},"geometry":{"type":"Polygon","coordinates":[[[-93.38799,31.36353],[-92.94879,31.34614],[-92.71763,31.52253],[-92.9719,31.70884],[-92.61939,31.70884],[-92.61939,31.79828],[-92.36512,31.79579],[-92.38245,31.61941],[-92.16285,31.47284],[-92.08195,31.32378],[-92.00104,31.32378],[-91.98948,31.22441],[-91.90858,31.29646],[-91.67742,31.18715],[-91.81612,30.84929],[-92.23798,30.84929],[-92.27843,30.96605],[-92.38823,31.00331],[-92.52115,30.89401],[-93.56136,30.86916],[-93.53824,31.27658],[-93.44,31.27658],[-93.38799,31.36353]]]}},{"type":"Feature","properties":{"dma_code":583,"name":"Alpena, MI","latitude":44.856283,"longitude":-83.5733565},"geometry":{"type":"Polygon","coordinates":[[[-83.88163,45.20086],[-83.37886,45.20335],[-83.2575,45.02448],[-83.38464,45.07665],[-83.46554,45.00461],[-83.31529,44.88288],[-83.26906,44.71395],[-83.32107,44.51272],[-83.88741,44.50776],[-83.88163,45.20086]]]}},{"type":"Feature","properties":{"dma_code":634,"name":"Amarillo, TX","latitude":35.4797235,"longitude":-102.063253},"geometry":{"type":"Polygon","coordinates":[[[-100.5192,34.31483],[-103.0446,34.31235],[-103.05038,33.56956],[-103.5127,33.56956],[-103.50692,33.6565],[-103.72074,33.6565],[-103.71496,33.82047],[-103.8421,33.82047],[-103.8421,34.08131],[-103.94612,34.0838],[-103.94612,34.60549],[-104.13104,34.60549],[-104.12526,35.14209],[-103.85943,35.26382],[-103.63983,35.24146],[-103.63983,35.39052],[-103.37978,35.39797],[-103.36244,36.08611],[-103.79586,36.08611],[-103.79586,36.17306],[-104.00969,36.17555],[-104.00969,36.99535],[-102.04484,36.99287],[-102.03907,37.39035],[-101.55941,37.38786],[-101.55363,36.99535],[-100.00488,37.0028],[-99.9991,34.2254],[-100.04533,34.23037],[-100.05111,33.83537],[-100.5192,33.83537],[-100.5192,34.31483]]]}},{"type":"Feature","properties":{"dma_code":524,"name":"Atlanta, GA","latitude":33.9253975,"longitude":-84.3335135},"geometry":{"type":"Polygon","coordinates":[[[-85.65576,33.10748],[-85.6442,33.49503],[-85.7829,33.47019],[-85.88692,33.47764],[-85.63843,33.64905],[-85.58642,33.84531],[-85.63843,33.87512],[-85.40149,33.96455],[-85.52863,34.5881],[-84.91606,34.6353],[-84.65601,34.58313],[-84.62133,34.8564],[-84.37284,34.84398],[-84.18791,34.60301],[-84.09545,34.72722],[-84.17635,34.95329],[-83.75449,35.16197],[-83.64469,35.15203],[-83.51755,34.99552],[-83.10147,34.99801],[-83.30373,34.81665],[-83.45976,34.48128],[-83.39042,34.4465],[-83.35574,34.22292],[-83.11303,34.27509],[-82.98589,34.0515],[-82.77785,33.97201],[-82.98589,33.78569],[-82.98589,33.49006],[-83.27484,33.18698],[-83.81806,33.13233],[-83.84117,33.19692],[-84.04344,33.20189],[-84.04344,32.94849],[-84.12434,32.9311],[-84.20525,32.69013],[-84.49997,32.8839],[-85.18189,32.87148],[-85.2339,33.10748],[-85.59219,33.10748],[-85.65576,33.10748]]]}},{"type":"Feature","properties":{"dma_code":520,"name":"Augusta, GA","latitude":33.2388275,"longitude":-81.9064505},"geometry":{"type":"Polygon","coordinates":[[[-82.98589,33.78569],[-82.8472,33.93971],[-82.56403,33.95462],[-82.59292,34.01424],[-82.48312,34.08131],[-82.32709,34.06392],[-82.30398,33.97201],[-82.24619,34.01921],[-82.00925,33.96207],[-81.87633,34.16826],[-81.73186,34.18565],[-81.47181,34.07635],[-81.57005,33.88754],[-81.53538,33.83289],[-81.18864,33.65402],[-81.37357,33.49006],[-80.79567,33.17704],[-80.89391,33.06277],[-80.93437,33.10251],[-81.22331,32.95097],[-81.39668,32.74478],[-81.54116,33.04538],[-81.76653,32.90874],[-81.84166,32.6479],[-82.14794,32.5212],[-82.23463,32.31749],[-82.35599,32.29265],[-82.39066,32.44915],[-82.64493,32.51375],[-82.46579,32.6479],[-82.43689,32.76217],[-82.52358,32.82179],[-82.55247,33.02053],[-82.7374,33.17456],[-82.82408,33.42547],[-83.01479,33.47019],[-82.95122,33.66147],[-82.98589,33.78569]]]}},{"type":"Feature","properties":{"dma_code":635,"name":"Austin, TX","latitude":30.331427,"longitude":-98.0272995},"geometry":{"type":"Polygon","coordinates":[[[-97.1443,29.62703],[-97.31767,29.78354],[-97.61817,29.63449],[-97.86667,29.85559],[-97.99958,29.75125],[-98.02848,29.84813],[-98.30009,30.03694],[-98.41567,29.93757],[-98.58904,30.13879],[-98.58904,30.49901],[-99.48477,30.49901],[-99.48477,30.94121],[-98.44456,30.92133],[-98.43878,31.03064],[-97.9129,31.03561],[-97.82622,30.9114],[-97.27144,30.73501],[-97.15586,30.45678],[-96.96515,30.55615],[-96.74555,30.32014],[-96.64153,30.29778],[-96.79179,30.16115],[-96.64731,30.14624],[-96.57219,29.96241],[-96.87269,29.632],[-97.1443,29.62703]]]}},{"type":"Feature","properties":{"dma_code":800,"name":"Bakersfield, CA","latitude":35.291006,"longitude":-119.05459},"geometry":{"type":"MultiPolygon","coordinates":[[[[-118.11609,35.74577],[-117.91382,35.60168],[-118.02362,35.51473],[-118.0583,35.24643],[-118.52639,34.97813],[-118.74599,35.06757],[-118.72287,35.02533],[-118.85001,34.96323],[-118.76911,34.88621],[-118.9367,34.9359],[-118.88468,34.78933],[-119.47414,34.90112],[-119.47414,35.0775],[-119.56082,35.08744],[-119.55504,35.17936],[-119.80932,35.26382],[-119.87866,35.4402],[-120.00002,35.4402],[-120.0867,35.6141],[-120.1965,35.6141],[-120.1965,35.788],[-118.06407,35.79048],[-118.11609,35.74577]]]]}},{"type":"Feature","properties":{"dma_code":512,"name":"Baltimore, MD","latitude":38.972515,"longitude":-76.506469},"geometry":{"type":"MultiPolygon","coordinates":[[[[-75.79111,39.72059],[-75.70442,38.56044],[-75.82578,38.47845],[-75.94714,38.23997],[-76.01649,38.30704],[-75.97603,38.36666],[-76.06272,38.30456],[-76.05116,38.22258],[-76.21875,38.39399],[-76.27654,38.36418],[-76.33433,38.48342],[-76.12051,38.52814],[-76.20719,38.53559],[-76.1494,38.57286],[-76.18407,38.59025],[-76.23609,38.54056],[-76.23609,38.60018],[-76.28232,38.53559],[-76.2881,38.62999],[-76.02226,38.55298],[-75.97025,38.58776],[-75.93558,38.6772],[-75.99915,38.75669],[-75.95292,38.67223],[-76.02804,38.58031],[-76.1494,38.63745],[-76.09161,38.68962],[-76.1783,38.6772],[-76.07427,38.73185],[-76.10317,38.7716],[-76.19563,38.66974],[-76.24186,38.80638],[-76.27076,38.70949],[-76.29965,38.71943],[-76.26498,38.79892],[-76.2881,38.81383],[-76.27654,38.77657],[-76.34011,38.73433],[-76.30543,38.82625],[-76.25342,38.86352],[-76.17252,38.74179],[-76.12629,38.79396],[-76.1783,38.77408],[-76.18985,38.85855],[-76.06272,38.88587],[-76.10317,38.94053],[-76.16674,38.90823],[-76.1494,38.94301],[-76.16096,38.97779],[-76.17252,38.89333],[-76.19563,38.88339],[-76.20719,38.85358],[-76.19563,38.89333],[-76.18407,38.90078],[-76.1783,38.93059],[-76.20141,38.89333],[-76.24764,38.97034],[-75.99915,39.15169],[-76.06272,39.20883],[-76.0396,39.17156],[-76.17252,39.09455],[-76.12051,39.17405],[-76.15518,39.12933],[-76.18985,39.17653],[-76.23031,39.0548],[-76.27654,39.15169],[-76.1494,39.2759],[-76.18985,39.31565],[-75.88357,39.35788],[-76.0396,39.39763],[-75.86045,39.45477],[-75.92402,39.48458],[-75.83156,39.56656],[-76.00493,39.4498],[-75.94714,39.59389],[-76.09739,39.53427],[-76.13206,39.49203],[-76.06272,39.4498],[-76.1783,39.37776],[-76.22453,39.41254],[-76.23031,39.35043],[-76.25342,39.37527],[-76.21875,39.47464],[-76.24764,39.46471],[-76.28232,39.29826],[-76.31699,39.39018],[-76.34011,39.39018],[-76.35166,39.40757],[-76.35744,39.41005],[-76.36322,39.41254],[-76.41523,39.38521],[-76.34011,39.37279],[-76.32855,39.33552],[-76.44413,39.32807],[-76.40367,39.24858],[-76.4788,39.3231],[-76.5077,39.30571],[-76.3979,39.23864],[-76.44413,39.19641],[-76.50192,39.20883],[-76.46724,39.26348],[-76.4788,39.2759],[-76.48458,39.25106],[-76.51925,39.22373],[-76.53081,39.26597],[-76.62905,39.27342],[-76.55971,39.23615],[-76.60594,39.1815],[-76.60016,39.15417],[-76.54815,39.21628],[-76.55971,39.14424],[-76.43257,39.1343],[-76.42101,39.08213],[-76.43257,39.05729],[-76.54237,39.10946],[-76.53081,39.06722],[-76.39212,39.01009],[-76.45569,38.97531],[-76.54815,39.06722],[-76.56549,39.06226],[-76.57126,39.07716],[-76.6175,39.08213],[-76.44991,38.94053],[-76.60594,38.97779],[-76.5886,38.93556],[-76.55971,38.95295],[-76.54815,38.92065],[-76.53081,38.93307],[-76.5077,38.89581],[-76.49036,38.90326],[-76.54815,38.82625],[-76.49036,38.83867],[-76.55971,38.80141],[-76.53081,38.71198],[-76.6175,38.71943],[-76.71574,38.77657],[-76.70418,38.99021],[-77.18961,39.34049],[-77.10871,39.49203],[-77.31097,39.6386],[-77.21851,39.72059],[-75.79111,39.72059]]],[[[-76.33433,39.30323],[-76.35744,39.31068],[-76.36322,39.32807],[-76.32855,39.31317],[-76.33433,39.30323]]],[[[-76.21297,39.01009],[-76.24186,39.02499],[-76.21875,39.0548],[-76.20141,39.01257],[-76.21297,39.01009]]],[[[-76.369,38.83867],[-76.36322,38.93804],[-76.30543,39.0399],[-76.24764,38.92065],[-76.28232,38.96289],[-76.29965,38.90078],[-76.29387,38.96785],[-76.31699,38.97531],[-76.369,38.83867]]],[[[-76.5077,38.90326],[-76.49614,38.91072],[-76.49614,38.90326],[-76.5077,38.90326]]],[[[-76.18407,38.866],[-76.16674,38.90326],[-76.10317,38.88339],[-76.15518,38.89333],[-76.18407,38.866]]],[[[-76.34011,38.66974],[-76.34589,38.6921],[-76.34011,38.7244],[-76.32277,38.68713],[-76.34011,38.66974]]],[[[-76.15518,38.23997],[-76.17252,38.24742],[-76.22453,38.30953],[-76.23031,38.32443],[-76.23609,38.3443],[-76.15518,38.23997]]],[[[-76.19563,38.31449],[-76.20141,38.32691],[-76.1783,38.33437],[-76.17252,38.32691],[-76.19563,38.31449]]]]}},{"type":"Feature","properties":{"dma_code":537,"name":"Bangor, ME","latitude":45.3356845,"longitude":-68.751059},"geometry":{"type":"MultiPolygon","coordinates":[[[[-69.26668,44.36367],[-69.34759,44.30901],[-69.5094,44.34379],[-69.3707,44.54502],[-69.46894,44.71892],[-69.63075,44.70153],[-69.60764,44.57731],[-69.82146,44.58228],[-69.99483,44.67669],[-70.03528,44.86549],[-70.15086,44.8953],[-70.16242,45.12882],[-70.41669,45.14373],[-70.55538,45.66791],[-70.39935,45.72007],[-70.41669,45.7946],[-70.26066,45.89149],[-70.31845,46.01819],[-70.23754,46.14488],[-70.28955,46.1896],[-70.19131,46.34859],[-70.0584,46.41567],[-70.02372,46.57466],[-68.8217,46.57218],[-68.8217,46.39579],[-68.43451,46.38089],[-68.43451,45.57847],[-67.73526,45.68778],[-67.4232,45.57847],[-67.41742,45.50146],[-67.5041,45.48904],[-67.41742,45.37725],[-67.48677,45.28036],[-67.34229,45.12634],[-67.2845,45.19093],[-67.16314,45.15863],[-66.984,44.91021],[-67.0649,44.96238],[-67.07068,44.91517],[-67.1747,44.94747],[-67.13425,44.88039],[-67.22671,44.93256],[-67.15159,44.863],[-67.16892,44.79345],[-67.10536,44.89282],[-67.07068,44.8158],[-67.02445,44.85058],[-67.05912,44.90772],[-66.94932,44.81829],[-67.20938,44.63942],[-67.3943,44.71892],[-67.40586,44.5947],[-67.42898,44.66675],[-67.45787,44.59719],[-67.46365,44.62203],[-67.533,44.62203],[-67.53878,44.65433],[-67.57345,44.6593],[-67.56767,44.5326],[-67.66013,44.57235],[-67.71214,44.49782],[-67.73526,44.61458],[-67.79883,44.52266],[-67.77571,44.58974],[-67.78727,44.58974],[-67.78149,44.60464],[-67.78727,44.60464],[-67.79305,44.61458],[-67.81039,44.61955],[-67.89707,44.39348],[-67.90285,44.49285],[-67.93752,44.41087],[-67.96642,44.50776],[-67.98953,44.50527],[-68.03577,44.48291],[-67.96064,44.39845],[-68.06466,44.33386],[-68.09933,44.47546],[-68.1918,44.47298],[-68.18024,44.51272],[-68.25537,44.55247],[-68.19758,44.56986],[-68.24381,44.58725],[-68.29582,44.55496],[-68.21491,44.51769],[-68.22647,44.46552],[-68.31893,44.53757],[-68.2727,44.45807],[-68.35361,44.45807],[-68.42873,44.39596],[-68.42295,44.49782],[-68.50386,44.49533],[-68.45763,44.38603],[-68.56743,44.39845],[-68.53275,44.22952],[-68.7408,44.33386],[-68.82748,44.3115],[-68.76969,44.5003],[-68.80436,44.55992],[-68.81014,44.46801],[-68.99507,44.42577],[-68.94884,44.34131],[-69.01819,44.25685],[-69.12221,44.25436],[-69.26668,44.36367]]],[[[-67.6139,44.50279],[-67.61968,44.51769],[-67.6139,44.52266],[-67.60234,44.50776],[-67.6139,44.50279]]],[[[-67.58501,44.44813],[-67.60812,44.4854],[-67.59657,44.49285],[-67.60812,44.5003],[-67.57923,44.51521],[-67.58501,44.44813]]],[[[-68.33627,44.22207],[-68.42295,44.33883],[-68.36517,44.42329],[-68.25537,44.43571],[-68.17446,44.32889],[-68.29582,44.28666],[-68.33049,44.37609],[-68.29004,44.24691],[-68.33627,44.22207]]],[[[-68.9315,44.232],[-68.91416,44.28169],[-68.94306,44.28169],[-68.87949,44.39348],[-68.86215,44.36615],[-68.9315,44.232]]],[[[-68.67723,44.14754],[-68.73502,44.22207],[-68.67723,44.27423],[-68.73502,44.30901],[-68.60788,44.24194],[-68.64833,44.21461],[-68.59054,44.21461],[-68.56743,44.19722],[-68.58476,44.1848],[-68.59632,44.20964],[-68.67723,44.21461],[-68.61366,44.18232],[-68.67723,44.14754]]],[[[-68.94306,44.2643],[-68.94884,44.27423],[-68.94884,44.27672],[-68.93728,44.26678],[-68.94306,44.2643]]],[[[-68.95462,44.24442],[-68.96618,44.25188],[-68.95462,44.27175],[-68.93728,44.25685],[-68.95462,44.24442]]],[[[-68.23803,44.25188],[-68.23225,44.26678],[-68.21491,44.25436],[-68.22647,44.25685],[-68.23803,44.25188]]],[[[-68.26692,44.23449],[-68.2727,44.25933],[-68.23803,44.24691],[-68.24959,44.23449],[-68.26692,44.23449]]],[[[-68.32471,44.19474],[-68.33627,44.19722],[-68.33627,44.20716],[-68.31315,44.19722],[-68.32471,44.19474]]],[[[-68.72346,44.19722],[-68.72924,44.20219],[-68.72346,44.20468],[-68.72346,44.19722]]],[[[-68.42295,44.12766],[-68.44029,44.15747],[-68.44607,44.13263],[-68.49808,44.15996],[-68.4114,44.18729],[-68.42295,44.12766]]],[[[-68.36517,44.09785],[-68.35361,44.12766],[-68.33049,44.11027],[-68.35939,44.10779],[-68.36517,44.09785]]]]}},{"type":"Feature","properties":{"dma_code":716,"name":"Baton Rouge, LA","latitude":30.4278165,"longitude":-91.140946},"geometry":{"type":"Polygon","coordinates":[[[-91.72365,31.04306],[-91.64853,31.03561],[-91.66008,30.97102],[-91.56184,31.03809],[-91.62541,31.1325],[-91.46938,31.31882],[-91.23244,31.37347],[-91.11108,31.31882],[-90.55053,31.34863],[-90.56786,30.48659],[-90.40027,30.28536],[-90.9146,30.11395],[-90.96083,29.97731],[-90.88571,29.87794],[-91.08219,29.62703],[-91.28445,29.54754],[-91.27867,29.48295],[-91.41159,29.55251],[-91.55028,29.52021],[-91.55606,29.632],[-91.66008,29.632],[-91.61963,29.73634],[-91.87968,29.7115],[-91.62541,29.94502],[-91.46938,29.95496],[-91.38847,29.78354],[-91.09953,29.69908],[-91.09375,29.80093],[-91.23244,29.91769],[-91.22088,30.04191],[-91.4636,30.10153],[-91.47516,30.22823],[-91.59074,30.25804],[-91.64275,30.44187],[-91.75833,30.49653],[-91.73521,30.70272],[-91.81612,30.84929],[-91.72365,31.04306]]]}},{"type":"Feature","properties":{"dma_code":692,"name":"Beaumont-Port Arthur, TX","latitude":30.3724315,"longitude":-94.1330155},"geometry":{"type":"Polygon","coordinates":[[[-94.35307,29.55996],[-94.35885,29.88788],[-94.43976,29.88788],[-94.44553,30.11395],[-94.59579,30.11147],[-94.73448,30.48907],[-94.538,30.49156],[-94.65936,31.01077],[-93.53246,31.18467],[-93.55558,30.82445],[-93.7405,30.53876],[-93.70005,30.05681],[-93.92543,29.81087],[-93.83875,29.69163],[-94.35307,29.55996]]]}},{"type":"Feature","properties":{"dma_code":821,"name":"Bend, OR","latitude":44.001647,"longitude":-120.9495205},"geometry":{"type":"Polygon","coordinates":[[[-121.97642,43.85688],[-121.86662,43.91153],[-121.76838,44.10034],[-121.8435,44.391],[-121.23094,44.39348],[-121.10958,44.391],[-121.1038,44.1376],[-120.98822,44.13263],[-120.98822,43.96122],[-120.7455,43.95873],[-120.7455,43.87178],[-120.38143,43.87178],[-120.37565,43.78484],[-120.26007,43.78484],[-120.26007,43.69789],[-119.896,43.69789],[-119.896,43.61094],[-122.00531,43.61591],[-121.97642,43.85688]]]}},{"type":"Feature","properties":{"dma_code":756,"name":"Billings, MT","latitude":45.8919365,"longitude":-108.195493},"geometry":{"type":"Polygon","coordinates":[[[-111.10045,45.022],[-111.15824,45.05429],[-111.11201,45.10895],[-111.04266,45.07417],[-111.03688,45.3524],[-110.91552,45.3524],[-110.9213,45.5263],[-110.79416,45.59089],[-110.78261,46.19208],[-111.06,46.19208],[-111.12934,46.27406],[-111.06,46.40821],[-111.24492,46.43803],[-111.50497,46.81315],[-111.64367,46.84296],[-111.60322,46.89265],[-111.66101,46.91252],[-111.53965,46.91252],[-111.53965,46.99947],[-111.15824,47.01189],[-111.15824,47.0889],[-111.08311,47.0889],[-111.08311,47.00941],[-110.75949,46.9001],[-110.46476,46.679],[-110.05446,46.74856],[-109.81752,46.6939],[-108.63284,46.74856],[-108.60972,47.09884],[-108.73686,47.09884],[-108.71952,47.27025],[-108.315,47.31497],[-108.315,47.58327],[-107.97982,47.58575],[-107.86424,47.45657],[-107.6562,47.65283],[-106.91649,47.6727],[-106.61021,47.77704],[-106.44262,47.98324],[-106.35594,47.95839],[-106.35594,47.86896],[-106.26347,47.86896],[-106.29815,47.35472],[-106.17101,47.35472],[-106.17101,47.18082],[-106.08433,47.18082],[-106.08433,46.86035],[-105.61623,46.83302],[-105.57578,46.65913],[-105.48909,46.65913],[-105.44864,46.56969],[-104.98633,46.53988],[-104.73205,46.61192],[-104.73205,46.48274],[-104.90542,46.48274],[-104.88808,46.13743],[-104.9401,46.13743],[-105.03834,44.99964],[-107.91047,45.00212],[-107.74288,44.71643],[-107.5464,44.67917],[-107.19966,44.44565],[-107.14765,44.16493],[-108.55193,44.16741],[-108.55193,44.08046],[-108.79465,44.08046],[-108.79465,43.99103],[-108.91601,43.99103],[-108.91023,43.90408],[-109.09516,43.90408],[-109.08938,43.81713],[-109.31476,43.81216],[-109.54013,43.96122],[-109.78863,43.80223],[-109.85798,43.82955],[-109.85798,43.95873],[-110.05446,44.00842],[-110.05446,44.13263],[-110.11803,44.13263],[-110.14114,44.27672],[-110.29718,44.42826],[-110.29718,44.54502],[-110.66703,44.58228],[-110.66703,44.66675],[-111.05422,44.66675],[-111.08889,44.4854],[-111.09467,44.78848],[-111.10045,45.022]]]}},{"type":"Feature","properties":{"dma_code":746,"name":"Biloxi-Gulfport, MS","latitude":30.651123,"longitude":-88.868398},"geometry":{"type":"Polygon","coordinates":[[[-88.39498,30.38722],[-88.48167,30.31766],[-88.6088,30.37728],[-88.72438,30.3425],[-88.85152,30.43442],[-89.29072,30.30275],[-89.34273,30.90891],[-88.83418,30.9114],[-88.83418,30.99835],[-88.42388,30.99835],[-88.39498,30.38722]]]}},{"type":"Feature","properties":{"dma_code":502,"name":"Binghamton, NY","latitude":42.2963485,"longitude":-75.4931575},"geometry":{"type":"Polygon","coordinates":[[[-76.24764,42.29676],[-76.29387,42.40607],[-75.86623,42.41601],[-75.88935,42.72406],[-75.29412,42.74393],[-75.41548,42.31415],[-74.72778,42.51786],[-74.42728,42.34893],[-74.53708,42.20236],[-74.45039,42.17007],[-75.15542,41.8496],[-75.25944,41.8645],[-75.35769,41.99865],[-76.55971,42.00114],[-76.53659,42.28186],[-76.24764,42.29676]]]}},{"type":"Feature","properties":{"dma_code":630,"name":"Birmingham (Anniston and Tuscaloosa), AL","latitude":33.5031,"longitude":-86.869635},"geometry":{"type":"Polygon","coordinates":[[[-88.06558,32.7895],[-88.18116,32.83421],[-88.1696,32.99569],[-88.34297,32.99072],[-88.27362,33.53478],[-87.94422,33.52484],[-87.95,34.02169],[-88.21006,34.05896],[-88.17538,34.32229],[-86.47637,34.30241],[-86.303,34.0987],[-86.18743,34.18317],[-85.84069,34.20056],[-85.51129,34.52351],[-85.40149,33.96455],[-85.63843,33.87512],[-85.58642,33.84531],[-85.63843,33.64905],[-85.88692,33.47764],[-85.6442,33.49503],[-85.65576,33.10748],[-86.49371,33.10251],[-86.51682,32.9311],[-86.37235,32.75223],[-86.71331,32.6628],[-87.01959,32.6628],[-87.01959,32.8367],[-87.41834,32.87396],[-87.52236,32.48145],[-87.85176,32.53113],[-87.85754,32.62057],[-88.07714,32.61808],[-88.06558,32.7895]]]}},{"type":"Feature","properties":{"dma_code":559,"name":"Bluefield-Beckley-Oak Hill, WV","latitude":37.6001745,"longitude":-80.978172},"geometry":{"type":"Polygon","coordinates":[[[-80.85924,37.17919],[-80.91125,37.07236],[-81.22331,37.04752],[-81.37934,36.95312],[-81.49492,37.01523],[-81.68563,36.93324],[-81.77809,36.95809],[-81.89945,37.13944],[-81.74342,37.26365],[-81.85322,37.28849],[-81.99769,37.4773],[-81.70297,37.70088],[-81.76075,37.75554],[-81.51804,37.78535],[-81.55849,37.95428],[-81.37934,37.96918],[-81.32733,38.18283],[-81.22909,38.26232],[-80.71477,38.07849],[-80.43738,38.26729],[-80.26401,38.04619],[-79.95772,38.06358],[-80.25823,37.75554],[-80.29868,37.69094],[-80.22356,37.62884],[-80.32758,37.56425],[-80.29868,37.50711],[-80.77256,37.37296],[-80.85924,37.4301],[-80.84768,37.34812],[-80.97482,37.29098],[-80.85924,37.17919]]]}},{"type":"Feature","properties":{"dma_code":757,"name":"Boise, ID","latitude":43.632029,"longitude":-117.0232835},"geometry":{"type":"Polygon","coordinates":[[[-118.19699,41.99617],[-118.22589,44.04071],[-118.81534,44.04817],[-118.81534,43.96122],[-119.65906,43.95873],[-119.67062,44.99467],[-118.24322,44.95741],[-118.22589,44.86549],[-118.31835,44.83568],[-118.28367,44.75121],[-118.52061,44.7065],[-118.30679,44.58974],[-118.4975,44.27672],[-118.19121,44.25685],[-117.97161,44.44316],[-117.5902,44.44565],[-117.48618,44.38851],[-117.48618,44.30156],[-117.22035,44.30156],[-117.22613,44.48291],[-117.06432,44.72637],[-116.85628,44.88039],[-116.8505,45.022],[-116.68869,45.26794],[-116.34195,45.26794],[-116.30728,45.10895],[-116.14547,45.10646],[-115.9721,45.22074],[-114.69495,45.1959],[-114.7643,44.84313],[-114.955,44.7214],[-115.08792,44.77109],[-115.30752,44.5798],[-115.22661,44.46304],[-115.29018,44.32392],[-114.99546,44.09785],[-115.04747,44.03823],[-114.96656,43.98109],[-114.98968,43.85936],[-114.70651,43.80719],[-114.68339,43.59106],[-114.50425,43.47679],[-114.53314,43.3327],[-114.39445,43.32525],[-114.37711,43.25817],[-114.37711,43.19855],[-115.08792,43.19855],[-115.03591,41.99617],[-117.01809,41.99865],[-118.19699,41.99617]]]}},{"type":"Feature","properties":{"dma_code":506,"name":"Boston, MA (Manchester, NH)","latitude":42.501023,"longitude":-71.460493},"geometry":{"type":"MultiPolygon","coordinates":[[[[-72.93053,42.73896],[-72.9941,43.11905],[-72.86696,43.1116],[-72.84962,43.26314],[-72.43354,43.23333],[-72.43354,43.13644],[-72.15615,43.18116],[-72.17927,43.13148],[-72.04057,43.12899],[-72.05213,43.44201],[-71.85565,43.60845],[-71.82097,43.54386],[-71.72851,43.56374],[-71.6476,43.68547],[-71.52047,43.69789],[-71.53203,43.76496],[-71.26042,43.57119],[-71.1275,43.57367],[-71.11016,43.5066],[-70.95991,43.54138],[-70.97725,43.35754],[-70.80966,43.22339],[-70.91368,43.05198],[-70.83855,43.04453],[-70.85589,43.12154],[-70.71142,43.04453],[-70.83855,42.91534],[-70.80966,42.82094],[-70.86167,42.81349],[-70.80966,42.81597],[-70.76921,42.70418],[-70.81544,42.76132],[-70.83855,42.7017],[-70.59006,42.64208],[-70.65941,42.57997],[-70.92524,42.56755],[-70.83277,42.50296],[-70.93679,42.45576],[-70.9079,42.41601],[-70.97725,42.45079],[-70.95413,42.34396],[-71.09861,42.40607],[-70.96569,42.22224],[-70.86745,42.25453],[-70.92524,42.30422],[-70.88478,42.30918],[-70.71719,42.20981],[-70.74031,42.16013],[-70.60162,42.0061],[-70.71142,42.00362],[-70.53805,41.92661],[-70.49182,41.78004],[-70.56116,41.77258],[-70.59006,41.75023],[-70.63051,41.7378],[-70.60162,41.76265],[-70.62473,41.76513],[-70.63629,41.73532],[-70.67674,41.74526],[-70.64207,41.7229],[-70.67096,41.69309],[-70.65363,41.71545],[-70.71142,41.75768],[-70.71719,41.6757],[-70.76343,41.7229],[-70.76343,41.64092],[-70.84433,41.6285],[-70.91946,41.78997],[-71.02926,41.78004],[-70.97147,41.86202],[-71.08127,42.09554],[-71.36444,41.98623],[-72.13304,42.03095],[-72.13304,42.16261],[-72.26595,42.18497],[-72.21394,42.31167],[-72.31218,42.34396],[-72.23128,42.66195],[-72.28329,42.72157],[-72.93053,42.73896]]],[[[-70.71142,43.05695],[-70.72875,43.05695],[-70.72297,43.0644],[-70.73453,43.07185],[-70.70564,43.07185],[-70.71142,43.05695]]],[[[-70.97725,42.31167],[-70.96569,42.32409],[-70.95413,42.32906],[-70.96569,42.31415],[-70.97725,42.31167]]],[[[-70.98881,42.31912],[-70.98881,42.32657],[-70.98881,42.32906],[-70.98303,42.32657],[-70.98881,42.31912]]],[[[-71.01192,42.30918],[-71.0177,42.31167],[-71.00614,42.32161],[-71.00036,42.31912],[-71.01192,42.30918]]],[[[-70.93679,42.28434],[-70.94835,42.28931],[-70.92524,42.30173],[-70.93679,42.29428],[-70.93679,42.28434]]],[[[-70.56116,41.77258],[-70.30111,41.70551],[-70.01794,41.78749],[-69.98905,41.91419],[-70.06995,41.88438],[-70.09307,42.03095],[-70.2491,42.06573],[-70.16242,42.07815],[-69.99483,41.96636],[-69.94282,41.82475],[-69.97171,41.83469],[-69.98327,41.78749],[-69.93704,41.81482],[-69.92548,41.7229],[-69.93126,41.66825],[-69.9486,41.76513],[-69.99483,41.71793],[-69.94282,41.70551],[-69.96593,41.65334],[-70.22021,41.63595],[-70.40513,41.64837],[-70.45714,41.61359],[-70.48604,41.55397],[-70.52649,41.5813],[-70.6883,41.52416],[-70.61317,41.65831],[-70.66518,41.68067],[-70.61895,41.69557],[-70.56116,41.77258]]],[[[-70.01794,41.89183],[-70.02372,41.89928],[-70.00638,41.90177],[-70.00638,41.89928],[-70.01794,41.89183]]],[[[-70.00061,41.54155],[-70.01794,41.55149],[-69.99483,41.56888],[-69.98905,41.60614],[-69.97171,41.6434],[-70.00061,41.54155]]],[[[-70.41669,41.60862],[-70.42247,41.62353],[-70.39935,41.62601],[-70.40513,41.60862],[-70.41669,41.60862]]],[[[-70.45714,41.57881],[-70.46292,41.58378],[-70.46292,41.58875],[-70.45714,41.57881]]],[[[-70.52649,41.54652],[-70.54961,41.55397],[-70.52649,41.57384],[-70.54383,41.55149],[-70.52649,41.54652]]],[[[-70.70564,41.51174],[-70.71142,41.51919],[-70.69986,41.52167],[-70.70564,41.51174]]],[[[-70.6883,41.50428],[-70.69986,41.51422],[-70.67674,41.51671],[-70.67674,41.51174],[-70.6883,41.50428]]],[[[-70.79232,41.44715],[-70.78654,41.47696],[-70.71719,41.51422],[-70.69986,41.50925],[-70.79232,41.44715]]],[[[-70.77498,41.30057],[-70.83277,41.35274],[-70.60162,41.48193],[-70.50915,41.34778],[-70.45136,41.4223],[-70.45136,41.34778],[-70.77498,41.30057]]],[[[-70.83277,41.44218],[-70.83277,41.45708],[-70.80966,41.44963],[-70.80966,41.44466],[-70.83277,41.44218]]],[[[-70.90212,41.4223],[-70.85589,41.44963],[-70.85011,41.43721],[-70.86745,41.4223],[-70.90212,41.4223]]],[[[-70.94835,41.40988],[-70.92524,41.43224],[-70.9079,41.4223],[-70.91946,41.4223],[-70.94835,41.40988]]],[[[-70.01216,41.23847],[-70.11618,41.24095],[-70.22021,41.27573],[-70.06417,41.30803],[-70.05262,41.39249],[-69.96015,41.27822],[-70.01216,41.23847]]],[[[-70.25488,41.28815],[-70.26644,41.29561],[-70.278,41.313],[-70.2491,41.30554],[-70.24332,41.30057],[-70.25488,41.28815]]],[[[-70.80388,41.24841],[-70.82122,41.25089],[-70.83277,41.25834],[-70.81544,41.26331],[-70.80388,41.24841]]]]}},{"type":"Feature","properties":{"dma_code":736,"name":"Bowling Green, KY","latitude":37.0341725,"longitude":-85.99226},"geometry":{"type":"Polygon","coordinates":[[[-85.21656,36.85375],[-85.30325,36.6252],[-85.43616,36.61774],[-85.47084,36.7345],[-85.61531,36.83387],[-85.77134,36.83636],[-85.97938,36.72208],[-86.13541,36.93324],[-86.40703,36.77674],[-86.58039,36.83139],[-86.67286,37.00032],[-86.93869,37.06988],[-86.8809,37.11211],[-86.93869,37.13695],[-86.81733,37.32824],[-86.60929,37.39532],[-86.47059,37.32079],[-86.09496,37.33073],[-86.01984,37.39532],[-86.04873,37.44997],[-85.65576,37.42264],[-85.69622,37.30092],[-85.63265,37.12453],[-85.43038,37.14689],[-85.17611,37.31334],[-85.05475,37.2562],[-85.04319,37.18664],[-85.27435,36.89847],[-85.21656,36.85375]]]}},{"type":"Feature","properties":{"dma_code":514,"name":"Buffalo, NY","latitude":42.42369,"longitude":-78.6800405},"geometry":{"type":"MultiPolygon","coordinates":[[[[-79.76124,42.26944],[-79.14867,42.55264],[-79.05043,42.69176],[-78.85395,42.78368],[-78.94641,42.97745],[-78.88284,43.02465],[-78.88284,43.02962],[-78.88862,43.04453],[-78.94641,43.07185],[-79.06777,43.08676],[-79.06199,43.26314],[-78.51877,43.37245],[-77.99288,43.365],[-77.99866,43.13396],[-77.9062,43.13396],[-77.95243,43.03956],[-77.9062,43.02465],[-77.95821,42.66692],[-78.06223,42.53277],[-77.72127,42.47066],[-77.75017,41.99865],[-77.61147,41.99865],[-77.59992,41.47944],[-78.05067,41.47447],[-78.20093,41.61856],[-78.95797,41.62353],[-78.91751,41.99865],[-79.76124,41.99865],[-79.76124,42.26944]],[[-78.92329,42.95261],[-78.91751,42.95509],[-78.92907,42.95758],[-78.92907,42.95509],[-78.92329,42.95261]],[[-78.90018,42.91286],[-78.90018,42.93025],[-78.90596,42.93273],[-78.90596,42.93025],[-78.90018,42.91286]]],[[[-79.06199,43.07931],[-79.07355,43.07931],[-79.07355,43.08427],[-79.06199,43.07931]]],[[[-78.94641,42.95758],[-79.01576,42.98987],[-78.99842,43.0644],[-78.90018,43.04204],[-78.94641,42.99484],[-78.94641,42.95758]]],[[[-78.88284,43.02465],[-78.88862,43.0321],[-78.88862,43.03459],[-78.88284,43.02962],[-78.88284,43.02465]]],[[[-78.95797,42.95758],[-78.96375,42.96006],[-78.95797,42.96255],[-78.95797,42.95758]]]]}},{"type":"Feature","properties":{"dma_code":523,"name":"Burlington, VT-Plattsburgh, NY","latitude":44.071301,"longitude":-73.0368725},"geometry":{"type":"Polygon","coordinates":[[[-73.25415,43.31531],[-73.24837,43.5538],[-73.30616,43.62833],[-73.4333,43.58609],[-73.38129,43.80719],[-74.05742,43.74509],[-74.04587,43.79726],[-74.21346,43.80968],[-74.33481,43.92644],[-74.25391,43.96867],[-74.2828,44.12021],[-74.53708,44.10034],[-74.6411,44.95244],[-74.72778,44.99467],[-71.46268,45.01454],[-71.5378,44.99467],[-71.49735,44.90524],[-71.63027,44.75121],[-71.5378,44.58725],[-71.57826,44.50279],[-71.76318,44.4059],[-71.57826,44.25436],[-71.44534,44.24939],[-71.3471,44.07053],[-71.36444,43.9165],[-71.5667,43.89414],[-71.52047,43.69789],[-71.6476,43.68547],[-71.72851,43.56374],[-71.82097,43.54386],[-71.85565,43.60845],[-72.05213,43.44201],[-72.04057,43.12899],[-72.17927,43.13148],[-72.15615,43.18116],[-72.43354,43.13644],[-72.43354,43.23333],[-72.82073,43.25569],[-73.25415,43.31531]]]}},{"type":"Feature","properties":{"dma_code":754,"name":"Butte-Bozeman, MT","latitude":45.979098,"longitude":-112.3609785},"geometry":{"type":"Polygon","coordinates":[[[-111.38362,44.75618],[-111.51653,44.64439],[-111.4703,44.54005],[-112.28513,44.56738],[-112.38915,44.44813],[-112.78212,44.4854],[-112.84569,44.3587],[-113.00172,44.45062],[-113.12886,44.77357],[-113.34268,44.78351],[-113.47559,44.8953],[-113.45248,45.05926],[-113.68364,45.25303],[-113.76454,45.52133],[-113.83389,45.52133],[-113.80499,45.60331],[-113.93791,45.69523],[-113.89746,45.76976],[-113.59117,45.84926],[-113.28489,46.03806],[-113.28489,46.2219],[-113.03639,46.2219],[-113.03639,46.73614],[-113.29067,46.8057],[-113.30223,47.17834],[-113.46404,47.17834],[-113.46404,47.60066],[-113.12886,47.58824],[-113.05951,47.48887],[-113.05951,47.17834],[-112.79946,47.17834],[-112.79368,46.83054],[-112.53363,46.83551],[-112.53363,46.69887],[-112.31981,46.65664],[-112.31981,46.42064],[-112.03086,46.56969],[-111.63211,46.56969],[-111.58588,46.78085],[-111.33161,46.63428],[-111.34316,46.54485],[-111.24492,46.43803],[-111.06,46.40821],[-111.12934,46.27406],[-111.06,46.19208],[-110.78261,46.19208],[-110.79416,45.59089],[-110.9213,45.5263],[-110.91552,45.3524],[-111.03688,45.3524],[-111.04266,45.07417],[-111.11201,45.10895],[-111.15824,45.05429],[-111.10045,45.022],[-111.09467,44.4854],[-111.38362,44.75618]]]}},{"type":"Feature","properties":{"dma_code":767,"name":"Casper-Riverton, WY","latitude":43.412869,"longitude":-107.4728085},"geometry":{"type":"Polygon","coordinates":[[[-109.37254,42.94516],[-109.55169,43.01223],[-109.75395,43.46437],[-110.05446,43.46437],[-110.05446,44.00842],[-109.85798,43.95873],[-109.85798,43.82955],[-109.78863,43.80223],[-109.54013,43.96122],[-109.31476,43.81216],[-109.08938,43.81713],[-109.09516,43.90408],[-108.91023,43.90408],[-108.91601,43.99103],[-108.79465,43.99103],[-108.79465,44.08046],[-108.55193,44.08046],[-108.55193,44.16741],[-107.14765,44.16493],[-107.17077,44.39348],[-107.36725,44.55992],[-106.0092,44.56489],[-106.01498,43.49418],[-104.89964,43.49915],[-104.89386,42.60978],[-105.28683,42.60481],[-105.28105,42.43091],[-105.37352,42.28931],[-105.61623,42.30422],[-105.55844,42.43091],[-107.52328,42.4334],[-107.52328,42.26198],[-109.04314,42.26447],[-109.07204,42.69425],[-109.15872,42.74145],[-109.37254,42.94516]]]}},{"type":"Feature","properties":{"dma_code":637,"name":"Cedar Rapids-Waterloo-Iowa City & Dubuque, IA","latitude":42.331217,"longitude":-91.7493605},"geometry":{"type":"Polygon","coordinates":[[[-90.64299,42.50793],[-90.4754,42.38123],[-90.66611,42.38123],[-90.66611,42.29428],[-90.89726,42.29428],[-90.89726,41.5962],[-91.36536,41.59869],[-91.37114,41.4223],[-91.48672,41.42479],[-91.48672,41.16146],[-92.41135,41.16146],[-92.41135,41.50925],[-92.29577,41.50925],[-92.29577,41.86202],[-92.76386,41.86202],[-92.76964,42.20981],[-93.0008,42.20981],[-93.02391,42.90789],[-92.55582,42.90789],[-92.55582,43.21346],[-92.08195,43.21346],[-92.08195,43.50163],[-91.21511,43.50163],[-91.20933,43.35257],[-91.05907,43.25817],[-91.18043,43.06688],[-91.06485,42.75138],[-90.70656,42.63711],[-90.64299,42.50793]]]}},{"type":"Feature","properties":{"dma_code":648,"name":"Champaign & Springfield-Decatur, IL","latitude":39.9606635,"longitude":-89.0627055},"geometry":{"type":"Polygon","coordinates":[[[-90.59676,39.79014],[-90.5852,39.87709],[-89.99575,39.87213],[-89.98419,40.128],[-89.60278,40.12055],[-89.60278,40.31929],[-88.45855,40.28203],[-88.45855,40.6174],[-88.23317,40.6174],[-88.24473,40.99501],[-87.52814,41.00992],[-87.53392,39.88206],[-87.93844,39.87958],[-88.00779,39.17405],[-88.36031,39.17156],[-88.36031,38.91072],[-88.80529,38.91072],[-88.80529,39.21628],[-89.14047,39.21628],[-89.14047,39.34795],[-89.53343,39.34795],[-89.53343,39.52433],[-90.30203,39.51936],[-90.37138,39.75288],[-90.59676,39.79014]]]}},{"type":"Feature","properties":{"dma_code":519,"name":"Charleston, SC","latitude":33.181204,"longitude":-80.042272},"geometry":{"type":"MultiPolygon","coordinates":[[[[-80.66853,32.67025],[-80.82457,32.69758],[-81.08462,33.0255],[-80.93437,33.10251],[-80.89391,33.06277],[-80.89391,33.12487],[-80.50095,33.33355],[-80.42582,33.25654],[-80.26979,33.28635],[-80.22356,33.44783],[-80.1022,33.49751],[-79.99818,33.7683],[-79.8537,33.89251],[-79.49541,33.77575],[-79.35094,33.8155],[-79.10244,33.57204],[-79.0042,33.57204],[-79.0851,33.47764],[-79.14289,33.39317],[-79.17179,33.20685],[-79.28737,33.341],[-79.18913,33.17207],[-79.45496,33.0578],[-79.42028,33.06277],[-79.4145,33.01557],[-79.49541,33.00066],[-79.45496,33.0727],[-79.56476,33.01805],[-79.61677,32.95346],[-79.57631,32.90626],[-79.7439,32.87148],[-79.80169,32.81434],[-79.75546,32.80937],[-79.93461,32.80192],[-79.89416,32.69013],[-80.41426,32.47151],[-80.66853,32.67025]]],[[[-79.72079,32.82676],[-79.72657,32.84664],[-79.70345,32.84912],[-79.70345,32.8367],[-79.72079,32.82676]]],[[[-79.80747,32.77459],[-79.74968,32.80937],[-79.73812,32.82676],[-79.71501,32.81434],[-79.80747,32.77459]]],[[[-79.84792,32.75472],[-79.86526,32.76714],[-79.81325,32.77459],[-79.81903,32.76714],[-79.84792,32.75472]]],[[[-79.97506,32.64044],[-79.90571,32.67522],[-79.89416,32.68764],[-79.89994,32.69758],[-79.88838,32.68764],[-79.88838,32.68267],[-79.91727,32.66528],[-79.97506,32.64044]]]]}},{"type":"Feature","properties":{"dma_code":564,"name":"Charleston-Huntington, WV","latitude":38.376208,"longitude":-82.039491},"geometry":{"type":"Polygon","coordinates":[[[-83.19971,38.17041],[-83.30373,38.21015],[-83.40197,38.39151],[-83.58112,38.42877],[-83.63891,38.66974],[-83.51177,38.70204],[-83.2864,38.60018],[-83.26906,39.01506],[-83.21127,38.9604],[-82.80674,38.94798],[-82.74895,39.36782],[-82.28664,39.38521],[-82.28086,39.47216],[-82.16528,39.46719],[-82.1595,39.55662],[-82.0497,39.55166],[-82.05548,39.45974],[-81.84744,39.4498],[-81.85322,39.31813],[-81.7203,39.26845],[-81.7492,39.09455],[-81.58161,39.02499],[-81.29844,39.18647],[-81.25221,39.03493],[-81.03261,39.01257],[-81.00371,38.84613],[-81.05572,38.79396],[-80.98638,38.71694],[-80.61075,38.90575],[-80.44316,38.7716],[-80.68009,38.5033],[-80.62808,38.35424],[-80.46049,38.2499],[-80.71477,38.07849],[-81.22909,38.26232],[-81.32733,38.18283],[-81.37934,37.96918],[-81.55849,37.95428],[-81.51804,37.78535],[-81.76075,37.75554],[-81.70297,37.70088],[-81.87055,37.53692],[-82.56403,37.19658],[-82.72584,37.25868],[-82.76051,37.42513],[-83.2575,37.67852],[-83.26906,37.76796],[-83.13036,37.89217],[-82.96278,37.90707],[-83.02634,38.00893],[-83.26906,38.06855],[-83.19971,38.17041]]]}},{"type":"Feature","properties":{"dma_code":517,"name":"Charlotte, NC","latitude":35.477172,"longitude":-80.76953},"geometry":{"type":"Polygon","coordinates":[[[-81.48914,35.0303],[-81.40824,35.04521],[-81.36779,35.16445],[-81.76653,35.17936],[-81.69141,35.57932],[-81.82432,35.57435],[-81.87055,35.71844],[-81.98613,35.80787],[-81.92257,35.93706],[-82.03237,35.94202],[-82.0786,36.10102],[-81.85322,36.33702],[-81.70874,36.33454],[-81.67985,36.58793],[-81.35045,36.57551],[-81.24643,36.38919],[-81.36201,36.36435],[-81.54693,36.11841],[-81.32733,35.99419],[-80.69165,36.05133],[-80.70899,35.85259],[-80.33336,35.72093],[-80.10798,35.46008],[-80.05019,35.37064],[-80.0733,35.14209],[-79.68034,35.17687],[-79.46074,35.04272],[-79.57054,34.99304],[-79.61677,34.81417],[-79.93461,34.80423],[-79.77858,34.61543],[-79.83059,34.53096],[-80.28712,34.367],[-80.40848,34.61543],[-80.55296,34.56078],[-80.55873,34.48873],[-80.73788,34.48128],[-80.74366,34.5409],[-80.87658,34.45892],[-80.87658,34.54339],[-81.42558,34.57071],[-81.48914,35.0303]]]}},{"type":"Feature","properties":{"dma_code":584,"name":"Charlottesville, VA","latitude":38.1802125,"longitude":-78.4610955},"geometry":{"type":"Polygon","coordinates":[[[-78.33962,38.62751],[-78.08535,38.32691],[-78.33962,38.22009],[-78.36852,38.18531],[-78.2067,38.13314],[-78.49565,37.76299],[-78.6459,37.73318],[-78.83661,38.04868],[-78.33962,38.62751]]]}},{"type":"Feature","properties":{"dma_code":575,"name":"Chattanooga, TN","latitude":35.204094,"longitude":-84.7884855},"geometry":{"type":"Polygon","coordinates":[[[-85.60375,34.98558],[-85.8638,34.98807],[-85.88692,35.51722],[-85.45928,35.54703],[-85.25702,35.76564],[-85.03164,35.74577],[-84.78314,35.82526],[-84.52887,35.62901],[-84.40173,35.34332],[-84.49419,35.28618],[-84.34394,35.2042],[-84.03188,35.29115],[-83.96831,35.2191],[-83.69092,35.24395],[-84.00298,34.98807],[-84.17635,34.95329],[-84.09545,34.72722],[-84.18791,34.60301],[-84.37284,34.84398],[-84.62133,34.8564],[-84.65601,34.58313],[-84.91606,34.6353],[-85.52863,34.5881],[-85.60375,34.98558]]]}},{"type":"Feature","properties":{"dma_code":759,"name":"Cheyenne, WY-Scottsbluff, NE","latitude":41.8048825,"longitude":-104.3206125},"geometry":{"type":"Polygon","coordinates":[[[-103.36244,42.00362],[-103.36822,41.69806],[-104.05014,41.69806],[-104.05592,41.00246],[-105.27527,40.9975],[-105.28105,41.65582],[-104.65115,41.65334],[-104.65693,42.60978],[-104.05014,42.61226],[-104.05014,42.00114],[-103.36244,42.00362]]]}},{"type":"Feature","properties":{"dma_code":602,"name":"Chicago, IL","latitude":41.615065,"longitude":-87.8455645},"geometry":{"type":"Polygon","coordinates":[[[-86.98492,40.91303],[-86.98492,40.8385],[-87.1005,40.8385],[-87.1005,40.73665],[-87.52814,40.73665],[-87.52814,41.00992],[-88.24473,40.99501],[-88.25051,41.11426],[-88.93242,41.1068],[-88.93242,40.92794],[-89.048,40.92545],[-89.048,41.10432],[-89.16358,41.10432],[-89.16936,41.6285],[-88.9382,41.6285],[-88.9382,42.15268],[-88.70704,42.15268],[-88.70704,42.49302],[-87.79975,42.49302],[-87.81131,42.22969],[-87.66683,42.06076],[-87.57437,41.78004],[-87.41834,41.64092],[-86.5226,41.76016],[-86.5226,41.43224],[-86.64396,41.43224],[-86.93291,41.23598],[-86.93291,40.91303],[-86.98492,40.91303]]]}},{"type":"Feature","properties":{"dma_code":868,"name":"Chico-Redding, CA","latitude":40.3359675,"longitude":-122.350166},"geometry":{"type":"Polygon","coordinates":[[[-123.4096,41.17885],[-122.9415,40.99253],[-122.89527,41.02731],[-122.95884,41.18133],[-122.80281,41.20369],[-122.57165,41.36765],[-122.47919,41.32045],[-122.49652,41.18381],[-121.32918,41.18381],[-121.32918,40.44599],[-121.49677,40.44599],[-121.47365,40.35159],[-121.34074,40.30935],[-121.44476,40.19011],[-121.36963,40.08577],[-121.42742,39.89945],[-121.0749,39.59637],[-121.16159,39.51936],[-121.30606,39.51936],[-121.4043,39.34049],[-121.90707,39.30323],[-121.88974,39.38273],[-122.01109,39.41254],[-122.73924,39.38273],[-122.73346,39.58147],[-122.88371,39.57898],[-122.93572,39.97895],[-123.54251,40.00131],[-123.54251,40.73416],[-123.62342,40.92794],[-123.45005,40.94284],[-123.4096,41.17885]]]}},{"type":"Feature","properties":{"dma_code":515,"name":"Cincinnati, OH","latitude":39.0338655,"longitude":-84.357866},"geometry":{"type":"Polygon","coordinates":[[[-83.2864,38.60018],[-83.6158,38.68465],[-83.64469,38.52566],[-83.92786,38.49336],[-83.99721,38.42132],[-84.17057,38.48591],[-84.20525,38.58279],[-84.41329,38.5654],[-84.7947,38.33934],[-85.07787,38.57783],[-84.93917,38.65235],[-85.02586,38.76166],[-85.19923,38.6921],[-85.205,38.9132],[-85.44772,38.9132],[-85.44194,39.19641],[-85.29747,39.26845],[-85.29747,39.52433],[-85.03742,39.52681],[-85.03164,39.72804],[-84.81204,39.72555],[-84.81782,39.56656],[-83.57534,39.5442],[-83.59268,39.37776],[-83.37308,39.37776],[-83.38464,39.0548],[-83.26906,39.01506],[-83.2864,38.60018]]]}},{"type":"Feature","properties":{"dma_code":598,"name":"Clarksburg-Weston, WV","latitude":38.93329,"longitude":-80.309074},"geometry":{"type":"Polygon","coordinates":[[[-81.05572,38.79396],[-81.00949,38.97034],[-81.25221,39.03493],[-81.32733,39.14921],[-81.29266,39.22373],[-81.22331,39.3082],[-80.93437,39.39018],[-80.88813,39.29329],[-80.71477,39.42993],[-80.51828,39.4349],[-80.42582,39.64109],[-80.14843,39.60631],[-79.89416,39.4349],[-79.83637,39.24112],[-79.28737,39.18895],[-79.32782,38.98276],[-79.51853,38.89084],[-79.59365,38.66229],[-79.78436,38.73682],[-79.86526,38.5505],[-80.35069,38.3443],[-80.36225,38.22506],[-80.66276,38.41138],[-80.68009,38.5033],[-80.44893,38.74924],[-80.47205,38.8337],[-80.66853,38.89333],[-80.98638,38.71694],[-81.05572,38.79396]]]}},{"type":"Feature","properties":{"dma_code":510,"name":"Cleveland-Akron (Canton), OH","latitude":41.0958885,"longitude":-81.71123},"geometry":{"type":"MultiPolygon","coordinates":[[[[-80.91703,40.72671],[-80.86502,40.5553],[-80.92281,40.5553],[-80.94014,40.42363],[-81.26954,40.43357],[-81.33889,40.21495],[-81.62206,40.22241],[-81.61628,40.36898],[-81.71452,40.37146],[-81.70874,40.44599],[-82.18262,40.45593],[-82.17684,40.57269],[-82.62182,40.55033],[-82.6276,40.70932],[-82.72584,40.71181],[-82.72584,40.99501],[-82.82986,40.9975],[-82.8472,41.42976],[-82.90499,41.42976],[-82.70272,41.46454],[-82.66227,41.43472],[-82.4889,41.38007],[-82.00925,41.51671],[-81.74342,41.48938],[-81.2811,41.76513],[-80.51828,41.97629],[-80.51828,41.49932],[-81.00371,41.5018],[-80.99793,40.98756],[-81.08462,40.98756],[-81.08462,40.72671],[-80.91703,40.72671]]],[[[-82.69694,41.58378],[-82.7374,41.60365],[-82.67383,41.62353],[-82.67961,41.5962],[-82.69694,41.58378]]],[[[-82.61604,41.42976],[-82.67383,41.46205],[-82.69694,41.48938],[-82.68539,41.49186],[-82.61604,41.42976]]]]}},{"type":"Feature","properties":{"dma_code":752,"name":"Colorado Springs-Pueblo, CO","latitude":38.061384,"longitude":-104.0271685},"geometry":{"type":"Polygon","coordinates":[[[-102.03907,37.39035],[-102.04484,36.99287],[-105.15392,36.99535],[-105.18281,37.61642],[-105.29839,37.65865],[-105.49487,37.58412],[-105.43131,37.84248],[-105.47754,37.87975],[-105.28105,37.90211],[-105.17125,38.01887],[-105.0499,37.91453],[-105.0499,38.25736],[-105.81849,38.27475],[-106.01498,38.44119],[-105.87628,38.60018],[-105.96875,38.69459],[-105.32728,38.69707],[-105.33306,39.12933],[-104.05014,39.12933],[-104.05592,38.52317],[-103.17174,38.52566],[-103.16018,39.03741],[-102.04484,39.04735],[-102.04484,38.26978],[-102.7441,38.26729],[-102.74988,37.64374],[-102.03907,37.64374],[-102.03907,37.39035]]]}},{"type":"Feature","properties":{"dma_code":546,"name":"Columbia, SC","latitude":33.896366,"longitude":-80.9102195},"geometry":{"type":"Polygon","coordinates":[[[-81.18864,33.65402],[-81.41402,33.73103],[-81.57005,33.87264],[-81.47181,34.07635],[-81.73186,34.18565],[-81.87055,34.13597],[-81.94568,34.20304],[-81.64518,34.53345],[-81.54116,34.44402],[-81.42558,34.4937],[-81.4198,34.5732],[-80.87658,34.54339],[-80.87658,34.45892],[-80.74366,34.5409],[-80.73788,34.48128],[-80.55873,34.48873],[-80.55296,34.56078],[-80.40848,34.61543],[-80.28135,34.35707],[-80.17732,34.367],[-80.11376,34.22788],[-80.14843,34.14342],[-79.89416,33.98691],[-79.97506,33.94716],[-79.87682,33.88506],[-80.31024,33.26399],[-80.43738,33.25902],[-80.50095,33.33355],[-80.80145,33.17704],[-80.94592,33.30871],[-81.37357,33.49006],[-81.28688,33.56459],[-81.18864,33.65402]]]}},{"type":"Feature","properties":{"dma_code":604,"name":"Columbia-Jefferson City, MO","latitude":38.8629485,"longitude":-92.26804},"geometry":{"type":"Polygon","coordinates":[[[-91.44048,39.31813],[-91.41159,39.14175],[-91.26134,39.13927],[-91.26712,38.84364],[-91.41737,38.84613],[-91.41737,38.70949],[-91.64275,38.70452],[-91.63119,38.05116],[-92.51537,38.02135],[-92.6425,38.21264],[-93.00658,38.18531],[-93.07593,38.25984],[-93.04703,38.97282],[-92.85055,39.23119],[-93.27819,39.45725],[-93.26663,39.7032],[-92.68874,39.69823],[-92.69452,39.61128],[-92.30155,39.60631],[-92.3131,39.34795],[-91.44048,39.31813]]]}},{"type":"Feature","properties":{"dma_code":522,"name":"Columbus, GA","latitude":32.2969995,"longitude":-84.8353915},"geometry":{"type":"MultiPolygon","coordinates":[[[[-85.43038,32.01441],[-85.40727,32.13862],[-85.43616,32.49636],[-85.69622,32.58082],[-85.69622,32.69758],[-85.59219,32.72739],[-85.59219,33.10748],[-85.2339,33.10748],[-85.18189,32.87148],[-84.47686,32.87645],[-84.055,32.63547],[-84.00298,32.53113],[-84.11278,32.51375],[-84.25148,32.39698],[-84.25726,32.29513],[-84.0261,32.17092],[-83.92208,31.91255],[-84.33816,31.87281],[-84.44218,31.96721],[-84.59822,31.92001],[-84.54621,31.6219],[-84.81782,31.61941],[-84.81782,31.50017],[-85.03164,31.48526],[-85.15299,31.77344],[-85.21656,31.70139],[-85.41883,31.70636],[-85.41883,31.61941],[-85.74823,31.61693],[-85.64998,31.91255],[-85.58642,31.99702],[-85.43038,32.01441]]],[[[-84.055,32.5212],[-84.04922,32.5212],[-84.00876,32.5212],[-84.01454,32.49636],[-84.055,32.5212]]]]}},{"type":"Feature","properties":{"dma_code":535,"name":"Columbus, OH","latitude":39.9719715,"longitude":-82.734151},"geometry":{"type":"Polygon","coordinates":[[[-83.88163,40.81863],[-83.49444,40.81863],[-83.49444,40.70187],[-83.44243,40.68696],[-83.11303,40.70187],[-83.11303,40.99253],[-82.72584,40.99501],[-82.72584,40.71181],[-82.6276,40.70932],[-82.62182,40.55033],[-82.17684,40.57269],[-82.18262,40.45593],[-81.70874,40.44599],[-81.71452,40.37146],[-81.61628,40.36898],[-81.66829,40.15036],[-82.1884,40.16775],[-82.23463,39.91436],[-82.1595,39.90939],[-82.17106,39.81996],[-82.0786,39.77027],[-81.6394,39.75288],[-81.58739,39.58644],[-81.71452,39.58395],[-81.70874,39.47961],[-81.82432,39.4498],[-82.05548,39.45974],[-82.0497,39.55166],[-82.1595,39.55662],[-82.16528,39.46719],[-82.28086,39.47216],[-82.28664,39.38521],[-82.74895,39.36782],[-82.80674,38.94798],[-83.21127,38.9604],[-83.38464,39.0548],[-83.37308,39.37776],[-83.59268,39.37776],[-83.57534,39.5442],[-83.66781,39.54917],[-83.64469,39.77275],[-83.5869,39.76779],[-83.506,40.01124],[-83.51755,40.5081],[-83.88163,40.53294],[-83.88163,40.81863]]]}},{"type":"Feature","properties":{"dma_code":673,"name":"Columbus-Tupelo-West Point, MS","latitude":33.9623585,"longitude":-88.939003},"geometry":{"type":"Polygon","coordinates":[[[-88.34297,32.99072],[-88.34875,32.92862],[-89.31961,32.9311],[-89.31383,33.28635],[-89.64323,33.28635],[-89.64901,33.40311],[-89.78771,33.41553],[-89.78771,33.67638],[-89.50454,33.67638],[-89.50454,33.86767],[-89.9264,33.89748],[-89.93218,34.16329],[-89.24449,34.16081],[-89.24449,34.59804],[-88.7186,34.59556],[-88.7186,34.75703],[-88.36609,34.75455],[-88.36609,34.99552],[-88.1985,34.99552],[-88.10026,34.89118],[-88.21006,34.05896],[-87.95,34.02169],[-87.94422,33.52484],[-88.27362,33.53478],[-88.34297,32.99072]]]}},{"type":"Feature","properties":{"dma_code":600,"name":"Corpus Christi, TX","latitude":27.6933695,"longitude":-97.8595055},"geometry":{"type":"MultiPolygon","coordinates":[[[[-98.95311,26.78504],[-98.95311,27.26947],[-98.79708,27.26699],[-98.80286,28.05698],[-98.33476,28.05698],[-98.33476,28.61346],[-98.09783,28.78735],[-98.00536,28.69047],[-97.77421,28.66811],[-97.6933,28.54141],[-97.44481,28.40229],[-97.37546,28.38739],[-97.16164,28.55383],[-96.76289,28.42465],[-96.86113,28.41472],[-96.79179,28.32031],[-96.91314,28.13648],[-96.90736,28.15138],[-96.93048,28.12406],[-96.95937,28.12157],[-96.96515,28.12654],[-96.91314,28.27063],[-96.97671,28.13151],[-97.02872,28.15138],[-97.00561,28.19362],[-97.02294,28.20604],[-97.25988,28.07934],[-97.15586,28.04953],[-97.18475,27.97003],[-97.12696,28.05947],[-97.01716,28.10418],[-97.19053,27.82346],[-97.27144,27.88308],[-97.55461,27.87066],[-97.38124,27.83588],[-97.3639,27.739],[-97.24254,27.6918],[-97.30033,27.6272],[-97.41013,27.32412],[-97.50837,27.27444],[-97.53727,27.28189],[-97.54305,27.28438],[-97.47948,27.34897],[-97.46792,27.45579],[-97.49682,27.46821],[-97.56039,27.40859],[-97.4737,27.39617],[-97.6124,27.28438],[-97.68752,27.40362],[-97.76843,27.45331],[-97.65285,27.30425],[-97.77998,27.27941],[-97.42169,27.26202],[-97.50837,27.08812],[-97.47948,26.99869],[-97.56039,26.99869],[-97.57194,26.98378],[-97.52571,26.88193],[-97.58928,26.84963],[-97.4737,26.75771],[-97.44481,26.59872],[-97.98803,26.61611],[-97.98803,26.78007],[-98.95311,26.78504]],[[-96.94204,28.25572],[-96.93048,28.26814],[-96.94204,28.25821],[-96.94204,28.25572]]],[[[-96.98249,28.12406],[-96.99405,28.12903],[-96.99983,28.13151],[-96.97671,28.12654],[-96.98249,28.12406]]],[[[-97.04606,27.83837],[-97.05184,27.85327],[-96.97093,27.96755],[-96.98249,27.98494],[-96.96515,28.01972],[-96.86113,28.05947],[-97.04606,27.83837]]],[[[-97.07495,27.84334],[-97.08651,27.85327],[-97.08073,27.86321],[-97.0634,27.84582],[-97.07495,27.84334]]],[[[-97.16164,27.67689],[-97.18475,27.69676],[-97.16742,27.73154],[-97.13852,27.73651],[-97.06917,27.82843],[-97.10385,27.83091],[-97.04606,27.8334],[-97.16164,27.67689]]],[[[-97.20209,27.61478],[-97.19631,27.68434],[-97.17897,27.68931],[-97.16742,27.67441],[-97.20209,27.61478]]],[[[-97.28877,26.6012],[-97.3928,26.86205],[-97.3928,27.20488],[-97.35812,27.37133],[-97.22521,27.58746],[-97.25988,27.65702],[-97.20209,27.61478],[-97.37546,27.10054],[-97.28877,26.6012]]],[[[-97.44481,27.11545],[-97.45059,27.12538],[-97.44481,27.12787],[-97.44481,27.15271],[-97.44481,27.11545]]],[[[-97.4737,26.96888],[-97.47948,27.00117],[-97.45636,27.00366],[-97.45059,26.98875],[-97.4737,26.96888]]],[[[-97.30033,26.6012],[-97.33501,26.62605],[-97.34656,26.69561],[-97.31767,26.65337],[-97.30033,26.6012]]]]}},{"type":"Feature","properties":{"dma_code":623,"name":"Dallas-Ft. Worth, TX","latitude":32.702473,"longitude":-97.098903},"geometry":{"type":"Polygon","coordinates":[[[-95.44529,31.84299],[-95.27192,31.59208],[-95.74002,31.50514],[-95.74002,31.65419],[-96.23701,31.41322],[-96.49706,31.79579],[-96.71666,31.81567],[-96.93048,31.70884],[-97.0345,31.86287],[-97.60662,31.58712],[-97.68752,31.71133],[-98.2712,31.4157],[-98.49079,31.72375],[-98.66994,31.70139],[-98.92422,32.079],[-98.47346,32.3001],[-98.47346,32.51375],[-98.57748,32.51623],[-98.57748,32.95346],[-98.42723,32.95346],[-98.42145,33.4677],[-97.97647,33.4677],[-97.97647,33.89003],[-97.832,33.85773],[-97.67018,33.99188],[-97.58928,33.90245],[-97.46214,33.90493],[-97.42747,33.82047],[-97.20787,33.91487],[-97.19053,33.76084],[-97.12696,33.71613],[-97.04606,33.81798],[-97.08651,33.85525],[-96.94204,33.94965],[-96.94204,33.41553],[-96.8438,33.40559],[-96.38726,33.39814],[-96.38148,33.72606],[-96.17922,33.75836],[-96.14454,33.83786],[-95.9365,33.88754],[-95.76891,33.84531],[-95.59554,33.94219],[-95.54353,33.88009],[-95.31238,33.88009],[-95.3066,32.9634],[-95.66489,32.96091],[-95.59554,32.47897],[-95.44529,32.35227],[-95.49152,32.23302],[-95.42796,32.01689],[-95.44529,31.84299]]]}},{"type":"Feature","properties":{"dma_code":682,"name":"Davenport, IA-Rock Island-Moline, IL","latitude":41.5680725,"longitude":-90.4412815},"geometry":{"type":"Polygon","coordinates":[[[-91.48672,41.16146],[-91.48672,41.42479],[-91.37114,41.4223],[-91.36536,41.59869],[-90.89726,41.5962],[-90.89726,42.29428],[-90.66611,42.29428],[-90.66611,42.38123],[-90.4754,42.38123],[-90.64299,42.50793],[-89.9264,42.50544],[-89.92062,42.19739],[-89.68946,42.19988],[-89.63168,41.58378],[-89.16936,41.58626],[-89.16358,41.31051],[-89.46409,41.2335],[-89.46409,41.14904],[-89.63745,41.14904],[-89.63745,41.2335],[-89.86861,41.2335],[-89.86861,41.14904],[-89.98419,41.14904],[-89.98419,40.71181],[-90.44651,40.71429],[-90.44651,40.62734],[-91.18621,40.63728],[-91.11108,40.6969],[-91.39425,40.80869],[-91.71787,40.81366],[-91.71787,41.16394],[-91.48672,41.16146]]]}},{"type":"Feature","properties":{"dma_code":542,"name":"Dayton, OH","latitude":40.1392235,"longitude":-84.3547855},"geometry":{"type":"Polygon","coordinates":[[[-84.81782,39.56656],[-84.81204,39.72555],[-85.18767,39.71562],[-85.19923,40.00379],[-84.81204,40.00379],[-84.80048,40.72919],[-83.88163,40.64473],[-83.88163,40.53294],[-83.51755,40.5081],[-83.506,40.01124],[-83.5869,39.76779],[-83.64469,39.77275],[-83.66781,39.54917],[-84.81782,39.56656]]]}},{"type":"Feature","properties":{"dma_code":751,"name":"Denver, CO","latitude":40.9981425,"longitude":-108.925452},"geometry":{"type":"MultiPolygon","coordinates":[[[[-106.01498,43.49418],[-106.02654,44.99467],[-105.09035,44.99964],[-105.07879,43.49915],[-106.01498,43.49418]]],[[[-109.04892,40.99998],[-107.91625,41.00246],[-107.92781,41.66079],[-107.51172,41.65831],[-107.52328,42.4334],[-105.55844,42.43091],[-105.61623,42.30422],[-105.37352,42.28931],[-105.28105,42.43091],[-105.28683,42.60481],[-104.89386,42.60978],[-104.89964,43.49915],[-104.05592,43.50411],[-104.05014,42.61226],[-104.65693,42.60978],[-104.65115,41.65334],[-105.28105,41.65582],[-105.27527,40.9975],[-104.05592,41.00246],[-104.05014,41.39249],[-102.6343,41.43969],[-102.67475,42.0061],[-102.06796,42.00859],[-102.06796,41.74277],[-101.98706,41.74277],[-101.98706,41.39498],[-101.27047,41.39498],[-101.24735,41.00495],[-102.05062,41.00495],[-102.04484,39.04735],[-103.16018,39.03741],[-103.17174,38.52566],[-104.05592,38.52317],[-104.05014,39.12933],[-105.33306,39.12933],[-105.32728,38.69707],[-105.96875,38.69459],[-105.87628,38.60018],[-106.01498,38.44119],[-105.81849,38.27475],[-105.0499,38.25736],[-105.0499,37.91453],[-105.17125,38.01887],[-105.28105,37.90211],[-105.47754,37.89217],[-105.43131,37.84248],[-105.48332,37.57667],[-105.75493,37.34563],[-105.77226,37.04504],[-105.72025,36.99535],[-107.48283,37.00032],[-107.48283,37.63877],[-107.97404,37.63877],[-107.85846,37.77541],[-107.99138,37.85739],[-109.04314,37.88223],[-109.04314,38.15302],[-107.94515,38.15302],[-107.93937,38.22009],[-108.13007,38.33188],[-107.50017,38.30207],[-107.50017,38.66974],[-108.37857,38.66726],[-108.37857,38.82874],[-108.14163,38.90575],[-107.97982,39.05977],[-107.71977,39.06474],[-107.37881,39.26845],[-107.46549,39.31565],[-107.43082,39.36534],[-109.04892,39.36782],[-109.04892,40.99998]]],[[[-103.36244,42.00362],[-103.44335,42.09057],[-103.50692,42.99981],[-102.79033,42.99981],[-102.69787,42.00362],[-103.36244,42.00362]]],[[[-116.602,39.16163],[-116.58467,40.99998],[-116.15702,40.99998],[-116.15702,40.66709],[-116.00099,40.128],[-115.82184,40.12055],[-115.81607,39.59389],[-115.90853,39.46471],[-115.90853,39.16163],[-116.602,39.16163]]],[[[-102.74988,37.64374],[-102.7441,38.26729],[-102.04484,38.26978],[-102.03907,37.64374],[-102.74988,37.64374]]]]}},{"type":"Feature","properties":{"dma_code":679,"name":"Des Moines-Ames, IA","latitude":41.8822865,"longitude":-93.6950785},"geometry":{"type":"Polygon","coordinates":[[[-94.46865,40.90061],[-94.46865,41.07202],[-94.46865,41.15649],[-94.69981,41.15897],[-94.69981,41.50428],[-95.04077,41.50428],[-95.04077,41.60117],[-95.09278,41.60117],[-95.09278,42.20981],[-94.85584,42.20981],[-94.91363,42.91038],[-94.44553,42.90789],[-94.44553,43.50163],[-93.97166,43.49915],[-93.97166,42.90789],[-93.02391,42.90789],[-93.0008,42.20981],[-92.76964,42.20981],[-92.76386,41.86202],[-92.29577,41.86202],[-92.29577,41.50925],[-92.41135,41.50925],[-92.41135,41.16146],[-92.6425,41.16146],[-92.63673,40.59008],[-93.37643,40.58014],[-93.36487,40.26712],[-93.76362,40.26464],[-93.77518,40.57766],[-94.91363,40.57517],[-94.93097,40.90061],[-94.46865,40.90061]]]}},{"type":"Feature","properties":{"dma_code":505,"name":"Detroit, MI","latitude":42.7069935,"longitude":-83.2883905},"geometry":{"type":"MultiPolygon","coordinates":[[[[-83.48288,41.73284],[-83.76027,41.7229],[-83.77183,42.08312],[-84.13012,42.07318],[-84.15902,42.77623],[-83.68514,42.78368],[-83.69092,42.87063],[-83.45399,42.8756],[-83.45976,43.23333],[-83.34996,43.23581],[-83.35574,43.32276],[-83.10147,43.32773],[-83.11881,43.67553],[-82.60448,43.69043],[-82.41955,42.97497],[-82.5178,42.62717],[-82.72584,42.68182],[-82.88187,42.49302],[-82.89343,42.3862],[-83.07835,42.31415],[-83.14192,42.24211],[-83.19971,42.0856],[-83.18815,42.03343],[-83.37886,41.89431],[-83.42509,41.74029],[-83.44821,41.78997],[-83.48288,41.73284]]],[[[-82.63915,42.59487],[-82.67383,42.60978],[-82.58714,42.61723],[-82.60448,42.59736],[-82.63915,42.59487]]],[[[-82.60448,42.55016],[-82.66805,42.57252],[-82.60448,42.59487],[-82.59292,42.61226],[-82.52358,42.61475],[-82.60448,42.55016]]],[[[-82.67383,42.575],[-82.65649,42.59487],[-82.63915,42.59239],[-82.65649,42.57997],[-82.67383,42.575]]],[[[-82.67961,42.53525],[-82.65071,42.5601],[-82.64493,42.5601],[-82.66805,42.53774],[-82.67961,42.53525]]],[[[-83.00323,42.33403],[-82.97433,42.35142],[-82.95122,42.34893],[-82.96278,42.339],[-83.00323,42.33403]]],[[[-83.16504,42.08809],[-83.1766,42.12287],[-83.14192,42.20236],[-83.13614,42.13032],[-83.16504,42.08809]]],[[[-83.15348,42.09057],[-83.15348,42.09554],[-83.1477,42.09554],[-83.15348,42.09057]]],[[[-83.15348,42.09057],[-83.15348,42.0856],[-83.15926,42.0856],[-83.15926,42.09057],[-83.15348,42.09057]]],[[[-83.48288,41.73284],[-83.47132,41.7378],[-83.46554,41.74277],[-83.47132,41.73284],[-83.48288,41.73284]]],[[[-83.45399,41.73284],[-83.46554,41.73284],[-83.45976,41.74029],[-83.45399,41.74029],[-83.45399,41.73284]]]]}},{"type":"Feature","properties":{"dma_code":606,"name":"Dothan, AL","latitude":31.2429535,"longitude":-85.412413},"geometry":{"type":"Polygon","coordinates":[[[-85.00274,31.00083],[-86.18743,30.99338],[-86.14697,31.61693],[-85.41883,31.61941],[-85.41883,31.70636],[-85.21656,31.70139],[-85.15299,31.77344],[-85.03164,31.48526],[-84.7947,31.50017],[-84.78892,31.43558],[-84.63867,31.43309],[-84.64445,31.25671],[-84.91606,31.25671],[-84.92184,31.07287],[-84.73113,31.07039],[-84.77158,30.83687],[-84.86405,30.71266],[-85.00274,31.00083]]]}},{"type":"Feature","properties":{"dma_code":676,"name":"Duluth, MN-Superior, WI","latitude":47.169647,"longitude":-91.7104225},"geometry":{"type":"MultiPolygon","coordinates":[[[[-92.02994,45.64058],[-92.04727,46.1573],[-92.29577,46.1573],[-92.28999,46.41815],[-93.05281,46.41815],[-93.05281,46.1573],[-93.43422,46.15482],[-93.42844,46.24674],[-93.80985,46.24922],[-93.77518,47.30255],[-94.02945,47.35223],[-94.09302,47.47893],[-94.41664,47.44415],[-94.4282,48.70119],[-93.83875,48.62914],[-93.78674,48.51487],[-93.25507,48.64157],[-92.95457,48.63163],[-92.63673,48.54219],[-92.71185,48.4627],[-92.45758,48.41301],[-92.37089,48.21924],[-92.26687,48.24905],[-92.26109,48.35588],[-92.05305,48.35836],[-91.96059,48.23415],[-91.56184,48.10745],[-91.56762,48.04286],[-91.26712,48.07764],[-90.88571,48.24657],[-90.75279,48.09006],[-90.146,48.11242],[-89.89751,47.9882],[-89.49298,48.00559],[-90.77591,47.60563],[-91.4636,47.13113],[-92.08773,46.79328],[-92.16863,46.71626],[-92.09928,46.74856],[-91.99526,46.679],[-91.793,46.6939],[-90.85681,46.9622],[-90.75279,46.88768],[-90.9435,46.58708],[-90.70078,46.66906],[-90.75857,46.70633],[-90.43495,46.56224],[-89.86283,46.76595],[-89.86283,46.59205],[-89.74148,46.59205],[-89.74148,46.5051],[-89.36584,46.5051],[-89.36584,46.33369],[-88.99021,46.33369],[-88.99021,46.09768],[-89.9264,46.29891],[-89.9264,45.98092],[-90.67766,45.98092],[-90.67766,45.63809],[-92.02994,45.64058]],[[-92.04727,46.71378],[-92.05883,46.72123],[-92.06461,46.72123],[-92.05305,46.71378],[-92.04727,46.71378]]],[[[-90.96083,46.9622],[-90.98395,46.98456],[-90.93194,47.00195],[-90.93194,46.96469],[-90.96083,46.9622]]],[[[-90.85681,46.97711],[-90.87415,46.98456],[-90.87993,46.99202],[-90.85103,46.98456],[-90.85681,46.97711]]],[[[-90.79902,46.96966],[-90.8048,46.97214],[-90.78746,46.97711],[-90.78746,46.96966],[-90.79902,46.96966]]],[[[-90.78168,46.75353],[-90.61987,46.87277],[-90.56786,46.84793],[-90.67766,46.8206],[-90.78168,46.75353]]],[[[-92.01838,46.70633],[-92.02994,46.70881],[-92.05883,46.73117],[-92.0935,46.77837],[-92.01838,46.70633]]]]}},{"type":"Feature","properties":{"dma_code":765,"name":"El Paso, TX","latitude":31.840946,"longitude":-105.6619505},"geometry":{"type":"Polygon","coordinates":[[[-104.98055,30.62819],[-105.21748,30.80706],[-105.40241,30.85177],[-105.95141,31.36353],[-106.20568,31.46787],[-106.4195,31.75108],[-107.2979,31.78337],[-107.2979,32.77956],[-106.8876,32.77956],[-106.3386,33.05283],[-106.37905,32.00199],[-104.02702,31.9995],[-104.10215,31.10517],[-104.98055,30.62819]]]}},{"type":"Feature","properties":{"dma_code":565,"name":"Elmira, NY","latitude":42.0595215,"longitude":-77.1441155},"geometry":{"type":"Polygon","coordinates":[[[-76.92956,42.00114],[-76.87177,41.5962],[-76.95845,41.55149],[-77.59992,41.54155],[-77.61147,41.99865],[-77.75017,41.99865],[-77.72127,42.53525],[-77.14338,42.57748],[-77.14338,42.4955],[-76.96423,42.45824],[-76.90066,42.46321],[-76.91222,42.54271],[-76.69262,42.54767],[-76.69262,42.28434],[-76.53659,42.28186],[-76.55971,42.00114],[-76.92956,42.00114]]]}},{"type":"Feature","properties":{"dma_code":516,"name":"Erie, PA","latitude":41.8794375,"longitude":-79.717601},"geometry":{"type":"Polygon","coordinates":[[[-79.76124,42.26944],[-79.76124,41.99865],[-78.91751,41.99865],[-78.91751,41.83966],[-78.95797,41.62353],[-79.83059,41.62104],[-79.99818,41.48938],[-80.51828,41.48938],[-80.51828,41.97629],[-79.76124,42.26944]]]}},{"type":"Feature","properties":{"dma_code":801,"name":"Eugene, OR","latitude":43.6937855,"longitude":-123.1256445},"geometry":{"type":"Polygon","coordinates":[[[-124.4787,42.95509],[-124.38624,43.33022],[-124.32267,43.35009],[-124.33423,43.31779],[-124.30533,43.2855],[-124.24176,43.42462],[-124.21865,43.3799],[-124.16664,43.36251],[-124.18975,43.47182],[-124.23021,43.46933],[-124.23599,43.43207],[-124.27644,43.41965],[-124.32267,43.36003],[-124.33423,43.35506],[-124.34579,43.36003],[-124.20131,43.66559],[-124.11463,44.27672],[-123.77367,44.28417],[-123.81412,44.34379],[-123.71588,44.36118],[-123.72166,44.43323],[-123.59452,44.43323],[-123.6003,44.7214],[-123.14954,44.7214],[-123.07442,44.6593],[-123.25934,44.55992],[-123.16688,44.19971],[-122.90683,44.19971],[-122.86638,44.28914],[-122.38095,44.20964],[-121.79149,44.24691],[-121.77416,44.0904],[-121.97642,43.85688],[-121.96486,43.62833],[-122.14979,43.5215],[-121.97642,43.26066],[-122.07466,43.06688],[-122.2827,43.06688],[-122.2827,42.99732],[-122.56009,42.94019],[-122.79703,42.77871],[-123.23045,42.7017],[-123.71588,42.73896],[-123.77945,42.80107],[-124.13196,42.66692],[-124.14352,42.84827],[-124.21865,42.93273],[-124.4787,42.95509]]]}},{"type":"Feature","properties":{"dma_code":802,"name":"Eureka, CA","latitude":41.001389,"longitude":-123.908896},"geometry":{"type":"MultiPolygon","coordinates":[[[[-123.54251,40.00131],[-124.07418,40.02366],[-124.36312,40.25719],[-124.40935,40.43854],[-124.32845,40.61492],[-124.23599,40.75652],[-124.2591,40.6969],[-124.08573,40.83105],[-124.15508,40.86335],[-124.20131,40.78136],[-124.23599,40.76646],[-124.12041,40.98756],[-124.16664,41.12916],[-124.06262,41.44218],[-124.1493,41.71793],[-124.25332,41.7701],[-124.21287,41.99865],[-123.5194,42.00114],[-123.70432,41.82972],[-123.65809,41.71296],[-123.72166,41.5962],[-123.61186,41.46205],[-123.66387,41.38256],[-123.47894,41.37262],[-123.4096,41.17885],[-123.45005,40.94284],[-123.62342,40.92794],[-123.54251,40.73416],[-123.54251,40.00131]]],[[[-124.1782,40.80869],[-124.16664,40.81863],[-124.15508,40.81863],[-124.15508,40.81614],[-124.1782,40.80869]]],[[[-124.16664,40.80869],[-124.16086,40.81366],[-124.15508,40.81118],[-124.16086,40.80869],[-124.16664,40.80869]]]]}},{"type":"Feature","properties":{"dma_code":649,"name":"Evansville, IN","latitude":37.8233245,"longitude":-87.5662395},"geometry":{"type":"Polygon","coordinates":[[[-87.85176,37.31831],[-87.79975,37.3829],[-88.14071,37.58661],[-88.15804,37.6661],[-88.03091,37.80025],[-88.0887,37.82261],[-88.03091,37.83752],[-88.13493,37.91701],[-88.37187,37.90956],[-88.37187,38.25487],[-88.70127,38.25736],[-88.70127,38.60515],[-87.6495,38.56789],[-87.74196,38.41386],[-87.42412,38.54056],[-86.68441,38.52566],[-86.67864,38.26232],[-86.45904,38.20767],[-86.43014,38.07849],[-86.67864,37.7928],[-86.57461,37.55183],[-86.66708,37.54934],[-86.60929,37.39532],[-86.81733,37.32824],[-86.93869,37.13695],[-86.89246,37.08975],[-87.11784,37.04504],[-87.25075,37.04007],[-87.33166,37.15683],[-87.52236,37.10466],[-87.67839,37.14938],[-87.79975,37.27856],[-87.85176,37.31831]]]}},{"type":"Feature","properties":{"dma_code":724,"name":"Fargo-Valley City, ND","latitude":47.659799,"longitude":-97.1383975},"geometry":{"type":"Polygon","coordinates":[[[-99.00512,45.94117],[-99.03402,46.62931],[-99.4501,46.6318],[-99.47899,47.32739],[-99.26517,47.32739],[-99.29985,47.8466],[-99.81417,47.8466],[-99.84885,48.0205],[-99.84885,48.37078],[-99.49055,48.37078],[-99.52523,48.9993],[-95.15634,48.9993],[-95.15057,49.38436],[-94.81539,49.31977],[-94.68825,48.7782],[-94.4282,48.70119],[-94.4282,48.3683],[-95.20836,48.36581],[-95.21413,48.53971],[-95.60132,48.53971],[-95.58977,48.0205],[-95.23147,48.0205],[-95.2777,47.92113],[-95.19102,47.87144],[-95.14479,46.10762],[-96.2659,46.10762],[-96.2659,46.02067],[-96.57796,46.02067],[-96.56063,45.93621],[-99.00512,45.94117]]]}},{"type":"Feature","properties":{"dma_code":513,"name":"Flint-Saginaw-Bay City, MI","latitude":43.643882,"longitude":-83.847331},"geometry":{"type":"Polygon","coordinates":[[[-83.32107,44.51272],[-83.33263,44.33634],[-83.53489,44.25188],[-83.57534,44.04817],[-83.84117,43.996],[-83.90474,43.91899],[-83.95675,43.75999],[-83.84695,43.64075],[-83.68514,43.58113],[-83.32685,43.88421],[-83.33263,43.90408],[-83.3962,43.90656],[-83.40775,43.91153],[-83.40775,43.9165],[-82.96278,44.06804],[-82.74318,43.99103],[-82.60448,43.71031],[-83.11881,43.67553],[-83.10147,43.32773],[-83.35574,43.32276],[-83.34996,43.23581],[-83.45976,43.23333],[-83.45399,42.8756],[-83.69092,42.87063],[-83.68514,42.78368],[-84.36128,42.77623],[-84.36706,43.11905],[-84.83515,43.11905],[-84.84671,43.46685],[-85.08365,43.46685],[-85.08943,43.81465],[-84.60399,43.81465],[-84.60977,44.15996],[-84.36706,44.15996],[-84.36706,44.50776],[-83.32107,44.51272]]]}},{"type":"Feature","properties":{"dma_code":866,"name":"Fresno-Visalia, CA","latitude":36.846642,"longitude":-119.613123},"geometry":{"type":"Polygon","coordinates":[[[-120.67038,36.13828],[-120.59525,36.48856],[-121.21938,36.91089],[-121.24827,37.08975],[-120.9651,37.34563],[-120.98244,37.40029],[-120.38721,37.63381],[-120.39299,37.68349],[-120.31208,37.65368],[-120.34098,37.72572],[-120.08093,37.82758],[-119.80932,37.75554],[-119.53771,37.90459],[-119.26032,37.72572],[-119.12162,37.73318],[-119.0176,37.58412],[-118.798,37.48723],[-118.66508,37.15434],[-118.43971,37.05994],[-118.36458,36.69227],[-118.09875,36.34696],[-117.98317,35.8675],[-118.00629,35.788],[-120.21384,35.79048],[-120.32364,35.90973],[-120.67038,36.13828]]]}},{"type":"Feature","properties":{"dma_code":571,"name":"Ft. Myers-Naples, FL","latitude":26.5720265,"longitude":-81.6230635},"geometry":{"type":"MultiPolygon","coordinates":[[[[-82.25774,26.94403],[-82.25774,27.03098],[-82.05548,27.03098],[-82.05548,27.33903],[-81.56427,27.34151],[-81.56427,27.03347],[-81.26954,27.03347],[-81.1713,27.20985],[-80.94592,27.20985],[-80.8708,27.14774],[-80.8708,25.80624],[-81.34467,25.80376],[-81.65095,25.93294],[-81.80121,26.08945],[-81.85322,26.4447],[-82.01503,26.48693],[-82.00925,26.52171],[-81.92834,26.54407],[-81.77809,26.70803],[-82.03237,26.52668],[-82.06126,26.95149],[-82.20573,26.96142],[-82.1595,26.85708],[-82.14794,26.79001],[-82.1595,26.78007],[-82.1595,26.8223],[-82.28086,26.81734],[-82.33865,26.89435],[-82.31553,26.8695],[-82.2982,26.89435],[-82.35599,26.94652],[-82.25774,26.94403]],[[-81.99191,26.4919],[-81.99191,26.49438],[-81.99769,26.4919],[-81.99191,26.4919]]],[[[-82.37332,26.94652],[-82.36176,26.93658],[-82.36176,26.92416],[-82.34443,26.89683],[-82.37332,26.94652]]],[[[-82.35599,26.92664],[-82.36176,26.92913],[-82.35599,26.9341],[-82.35599,26.92664]]],[[[-82.26352,26.71797],[-82.2693,26.78752],[-82.28086,26.80988],[-82.26352,26.79498],[-82.2693,26.79249],[-82.25774,26.74281],[-82.25197,26.74778],[-82.26352,26.71797]]],[[[-82.25774,26.75771],[-82.26352,26.76268],[-82.24619,26.77262],[-82.24619,26.76268],[-82.25774,26.75771]]],[[[-82.25774,26.75771],[-82.25774,26.75026],[-82.25774,26.75523],[-82.26352,26.75771],[-82.25774,26.75771]]],[[[-82.22307,26.61114],[-82.22885,26.6335],[-82.24041,26.64592],[-82.25774,26.67822],[-82.25197,26.70803],[-82.22307,26.61114]]],[[[-82.16528,26.69561],[-82.17684,26.70058],[-82.17106,26.70554],[-82.14794,26.70306],[-82.16528,26.70554],[-82.16528,26.69561]]],[[[-82.08438,26.48941],[-82.18262,26.6807],[-82.1595,26.70306],[-82.06704,26.61114],[-82.08438,26.48941]]],[[[-82.07282,26.62853],[-82.0786,26.6335],[-82.0786,26.63598],[-82.0786,26.63847],[-82.06704,26.63102],[-82.07282,26.62853],[-82.07282,26.62356],[-82.07282,26.62605],[-82.07282,26.62853]]],[[[-82.07282,26.62853],[-82.06704,26.62853],[-82.06704,26.62605],[-82.07282,26.62853]]],[[[-82.19995,26.55649],[-82.22307,26.58878],[-82.22307,26.60617],[-82.20573,26.5863],[-82.19995,26.55649]]],[[[-82.0786,26.42234],[-82.17684,26.47202],[-82.18262,26.47699],[-82.1884,26.4919],[-82.19995,26.55152],[-82.18262,26.47948],[-82.01503,26.45463],[-82.0786,26.42234]]],[[[-82.06126,26.49438],[-82.06126,26.49935],[-82.06704,26.50183],[-82.05548,26.49687],[-82.06126,26.49438]]],[[[-81.95146,26.46705],[-81.9399,26.46457],[-81.9399,26.45712],[-81.95146,26.45712],[-81.95146,26.46705]]],[[[-81.88789,26.40246],[-81.89367,26.40495],[-81.90523,26.42482],[-81.96302,26.45463],[-81.9688,26.4596],[-81.9688,26.46457],[-81.96302,26.4596],[-81.92834,26.44966],[-81.91679,26.43724],[-81.90523,26.43228],[-81.88789,26.40246]]],[[[-81.87055,26.37762],[-81.88211,26.39501],[-81.88211,26.40743],[-81.86478,26.39253],[-81.87055,26.37762]]],[[[-81.85322,26.36023],[-81.86478,26.3652],[-81.86478,26.37514],[-81.86478,26.37762],[-81.85322,26.36023]]],[[[-81.67407,25.90064],[-81.72608,25.9081],[-81.7492,25.95281],[-81.74342,25.96772],[-81.67407,25.90064]]]]}},{"type":"Feature","properties":{"dma_code":670,"name":"Ft. Smith-Fayetteville-Springdale-Rogers, AR","latitude":35.5031505,"longitude":-94.202877},"geometry":{"type":"Polygon","coordinates":[[[-93.69427,35.76813],[-93.71161,35.37561],[-93.43422,35.42778],[-93.42266,35.32841],[-93.27819,35.31848],[-93.27819,35.21165],[-93.70583,35.13464],[-93.71161,34.74461],[-93.8792,34.66511],[-94.45709,34.72971],[-94.46287,34.50861],[-94.93674,34.50612],[-94.93674,34.68002],[-95.0581,34.68002],[-95.0581,34.85392],[-94.92519,34.94335],[-94.92519,35.20172],[-94.81539,35.20172],[-94.81539,35.32344],[-95.087,35.46256],[-95.12745,35.63894],[-94.47443,35.63894],[-94.6189,36.4985],[-93.86764,36.4985],[-93.86764,36.30721],[-93.6596,36.30224],[-93.58447,36.15567],[-93.44578,36.08114],[-93.5209,35.76316],[-93.69427,35.76813]]]}},{"type":"Feature","properties":{"dma_code":509,"name":"Ft. Wayne, IN","latitude":41.0334615,"longitude":-85.1430895},"geometry":{"type":"Polygon","coordinates":[[[-84.39595,40.68448],[-84.80048,40.72919],[-84.80626,40.30935],[-85.21656,40.30687],[-85.19923,40.56772],[-85.44772,40.56772],[-85.44772,40.65467],[-85.93893,40.65218],[-85.94471,41.04221],[-85.68466,41.04718],[-85.65576,41.52416],[-85.19345,41.52664],[-85.19923,41.76016],[-84.80626,41.76016],[-84.80626,41.25337],[-84.34394,41.20866],[-84.34394,40.99004],[-84.40173,40.99004],[-84.33816,40.85838],[-84.39595,40.68448]]]}},{"type":"Feature","properties":{"dma_code":592,"name":"Gainesville, FL","latitude":29.4735495,"longitude":-82.7294775},"geometry":{"type":"MultiPolygon","coordinates":[[[[-82.75473,29.001],[-82.80674,29.16745],[-83.05524,29.1749],[-83.05524,29.23949],[-83.11881,29.3165],[-83.14192,29.32395],[-83.15348,29.3165],[-83.16504,29.32395],[-83.22283,29.42581],[-83.3962,29.51773],[-83.40775,29.66678],[-83.32107,29.82329],[-82.89343,29.82578],[-82.78941,29.93508],[-82.65071,29.82578],[-82.52358,29.94502],[-82.13061,29.83571],[-82.0497,29.73386],[-82.05548,29.44071],[-82.408,29.48543],[-82.40222,29.21465],[-82.53513,29.21465],[-82.53513,29.04572],[-82.75473,29.001]]],[[[-83.12459,29.27675],[-83.15926,29.29414],[-83.14192,29.32147],[-83.11303,29.29663],[-83.12459,29.27675]]],[[[-83.03212,29.15006],[-83.03212,29.15502],[-83.02634,29.15751],[-83.02634,29.15502],[-83.03212,29.15006]]],[[[-83.0379,29.13515],[-83.04368,29.14757],[-83.05524,29.13763],[-83.04946,29.15751],[-83.0379,29.13515]]],[[[-83.03212,29.15006],[-83.03212,29.14012],[-83.0379,29.1426],[-83.03212,29.15006]]],[[[-83.05524,29.1277],[-83.04946,29.13763],[-83.0379,29.14012],[-83.04946,29.13267],[-83.05524,29.1277]]],[[[-83.0668,29.0954],[-83.07257,29.09789],[-83.07835,29.10037],[-83.06102,29.10286],[-83.0668,29.0954]]],[[[-83.03212,29.0954],[-83.03212,29.09789],[-83.02634,29.0954],[-83.03212,29.0954]]],[[[-83.03212,29.0954],[-83.0379,29.0954],[-83.03212,29.09789],[-83.03212,29.0954]]]]}},{"type":"Feature","properties":{"dma_code":798,"name":"Glendive, MT","latitude":46.836368,"longitude":-105.065505},"geometry":{"type":"Polygon","coordinates":[[[-105.96297,47.18082],[-105.96297,47.09387],[-105.88784,47.09387],[-105.83005,47.09387],[-105.83583,47.18082],[-105.40819,47.18082],[-105.36196,47.78946],[-105.23482,47.79195],[-105.23482,47.70251],[-104.98055,47.70251],[-104.98055,47.61557],[-104.59336,47.61557],[-104.59336,47.52862],[-104.51245,47.52862],[-104.51245,47.35472],[-104.41999,47.35472],[-104.44889,47.31745],[-104.33909,47.24541],[-104.30441,47.0417],[-104.43155,46.89016],[-104.60492,46.86035],[-104.60492,46.68397],[-104.04436,46.64174],[-104.04436,45.88155],[-104.13682,45.88155],[-104.13682,45.9685],[-104.3911,45.97098],[-104.3911,46.05545],[-104.51823,46.05545],[-104.51823,46.13743],[-104.88808,46.13743],[-104.90542,46.48274],[-104.73205,46.48274],[-104.73205,46.61192],[-104.98633,46.53988],[-105.44864,46.56969],[-105.48909,46.65913],[-105.57578,46.65913],[-105.61623,46.83302],[-106.08433,46.86035],[-106.08433,47.18082],[-105.96297,47.18082]]]}},{"type":"Feature","properties":{"dma_code":773,"name":"Grand Junction-Montrose, CO","latitude":38.425681,"longitude":-108.2153545},"geometry":{"type":"MultiPolygon","coordinates":[[[[-109.04892,39.36782],[-107.43082,39.36534],[-107.46549,39.31565],[-107.37881,39.26845],[-107.71977,39.06474],[-107.97982,39.05977],[-108.14163,38.90575],[-108.37857,38.82874],[-108.37857,38.66726],[-107.50017,38.66974],[-107.50017,38.30207],[-108.13007,38.33188],[-107.93937,38.22009],[-107.94515,38.15302],[-109.04314,38.15302],[-109.04892,39.36782]]],[[[-109.04314,37.88223],[-108.25721,37.89465],[-108.21098,37.82013],[-107.99138,37.85739],[-107.86424,37.75554],[-107.97404,37.63877],[-108.91601,37.63132],[-109.04314,37.48475],[-109.04314,37.88223]]]]}},{"type":"Feature","properties":{"dma_code":563,"name":"Grand Rapids-Kalamazoo-Battle Creek, MI","latitude":42.7892405,"longitude":-85.624075},"geometry":{"type":"Polygon","coordinates":[[[-85.78868,41.76016],[-85.76556,42.06821],[-86.2221,42.0707],[-86.2221,42.24459],[-86.36657,42.24211],[-86.24521,42.48805],[-86.21054,42.86317],[-86.25677,43.09173],[-86.53994,43.61839],[-86.43014,43.81962],[-85.5633,43.81465],[-85.5633,43.46933],[-84.84671,43.46685],[-84.83515,42.77126],[-85.07209,42.77126],[-85.07787,42.59736],[-85.07209,42.42098],[-84.71957,42.42098],[-84.70802,42.0707],[-84.82359,42.07318],[-84.82359,41.76016],[-85.78868,41.76016]]]}},{"type":"Feature","properties":{"dma_code":755,"name":"Great Falls, MT","latitude":47.838823,"longitude":-109.9362935},"geometry":{"type":"Polygon","coordinates":[[[-111.78814,46.915],[-111.78814,47.12865],[-112.04242,47.19324],[-112.0482,47.5162],[-112.28513,47.50626],[-112.55096,47.65283],[-112.85725,47.63047],[-112.98438,47.95342],[-112.88036,47.97827],[-112.98438,48.11987],[-113.23288,48.16956],[-113.23866,48.24657],[-113.38891,48.34097],[-113.35424,48.42295],[-113.48137,48.45276],[-113.46982,48.54716],[-113.75298,48.61424],[-113.70097,48.71609],[-113.75876,48.81795],[-114.00148,48.83285],[-114.07083,48.9993],[-106.11322,48.9993],[-106.15367,48.82292],[-106.02076,48.82292],[-106.02076,48.56207],[-105.80694,48.56455],[-105.84161,48.01056],[-106.39639,48.06522],[-106.4195,47.95839],[-106.50041,47.95839],[-106.61021,47.77704],[-106.91649,47.6727],[-107.6562,47.65283],[-107.86424,47.45657],[-107.97982,47.58575],[-108.315,47.58327],[-108.315,47.31497],[-108.71952,47.27025],[-108.73686,47.09884],[-108.60972,47.09884],[-108.63284,46.74856],[-109.81752,46.6939],[-110.05446,46.74856],[-110.46476,46.679],[-110.75949,46.9001],[-111.08311,47.00941],[-111.08311,47.0889],[-111.15824,47.0889],[-111.15824,47.01189],[-111.53965,46.99947],[-111.53965,46.91252],[-111.66101,46.91252],[-111.78814,46.915]]]}},{"type":"Feature","properties":{"dma_code":658,"name":"Green Bay-Appleton, WI","latitude":44.7644785,"longitude":-88.2017},"geometry":{"type":"MultiPolygon","coordinates":[[[[-89.597,43.98109],[-89.597,44.24691],[-89.22715,44.24442],[-89.22137,45.02945],[-88.98443,45.02945],[-88.98443,45.11888],[-88.64348,45.1164],[-88.67815,45.37973],[-88.42966,45.37725],[-88.42388,45.72256],[-88.0598,45.71262],[-87.99623,45.7946],[-87.69573,45.72256],[-87.69573,45.89894],[-87.61482,45.89894],[-87.61482,45.98589],[-87.36633,45.98589],[-87.32588,45.55114],[-87.26809,45.53872],[-87.59749,45.15118],[-87.63216,44.97728],[-87.8402,44.93256],[-88.04824,44.55992],[-87.92689,44.53508],[-87.58015,44.85307],[-87.43568,44.89282],[-87.38367,44.83319],[-87.40678,44.91269],[-87.23919,45.16857],[-87.16985,45.15366],[-87.06005,45.29775],[-86.97336,45.2431],[-87.04271,45.22819],[-87.04849,45.08907],[-87.12361,45.06671],[-87.46457,44.55496],[-87.54548,44.32144],[-87.5108,44.19225],[-87.64372,44.10531],[-87.7304,43.89166],[-88.16382,43.89166],[-88.16382,43.54386],[-88.40076,43.54386],[-88.40076,43.63081],[-89.24449,43.64323],[-89.24449,43.76745],[-89.16936,43.76496],[-89.16936,43.98358],[-89.597,43.98109]]],[[[-86.83467,45.40209],[-86.82889,45.42942],[-86.81155,45.42196],[-86.80577,45.40706],[-86.83467,45.40209]]],[[[-86.87512,45.33005],[-86.92135,45.35489],[-86.95602,45.34247],[-86.93869,45.42196],[-86.84045,45.39712],[-86.87512,45.33005]]],[[[-86.89824,45.29527],[-86.93291,45.33253],[-86.93291,45.33998],[-86.89824,45.31266],[-86.89824,45.29527]]],[[[-86.94447,45.30272],[-86.95602,45.3052],[-86.9618,45.31266],[-86.95025,45.31266],[-86.94447,45.30272]]],[[[-87.32588,45.15615],[-87.37789,45.17851],[-87.37789,45.19838],[-87.33743,45.2108],[-87.32588,45.15615]]]]}},{"type":"Feature","properties":{"dma_code":518,"name":"Greensboro-High Point-Winston Salem, NC","latitude":35.994693,"longitude":-80.4077355},"geometry":{"type":"Polygon","coordinates":[[[-81.67985,36.58793],[-81.54116,36.70221],[-81.04417,36.80655],[-80.83612,36.55812],[-80.61075,36.55812],[-80.59341,36.66246],[-80.48939,36.65004],[-80.34491,36.83387],[-80.0733,36.8463],[-80.05597,36.54322],[-79.13711,36.54073],[-79.15445,36.24262],[-79.25847,36.24262],[-79.23536,35.84514],[-79.54164,35.84265],[-79.5532,35.51473],[-79.7728,35.51225],[-79.61677,35.16445],[-80.0733,35.14209],[-80.05019,35.37064],[-80.10798,35.46008],[-80.33336,35.72093],[-80.70899,35.85259],[-80.69165,36.05133],[-81.32733,35.99419],[-81.54693,36.11841],[-81.36201,36.36435],[-81.24643,36.38919],[-81.35045,36.57551],[-81.67985,36.58793]]]}},{"type":"Feature","properties":{"dma_code":545,"name":"Greenville-New Bern-Washington, NC","latitude":35.342169,"longitude":-76.9754245},"geometry":{"type":"MultiPolygon","coordinates":[[[[-78.20093,34.73716],[-78.16625,35.18929],[-77.83107,35.17687],[-77.82529,35.57187],[-77.35142,35.8203],[-77.40921,35.99916],[-77.23006,36.1035],[-77.29941,36.20784],[-76.73307,36.24262],[-76.72152,35.93706],[-76.16674,35.99419],[-76.01071,35.95693],[-76.07427,35.92215],[-76.10895,35.95196],[-76.12051,35.95196],[-76.12629,35.94699],[-76.0685,35.90973],[-76.01071,35.92215],[-76.0396,35.68366],[-76.12629,35.68118],[-75.90091,35.66876],[-75.88357,35.57435],[-76.1494,35.32841],[-76.35166,35.41536],[-76.34589,35.34829],[-76.40367,35.34829],[-76.3979,35.43275],[-76.52503,35.39549],[-76.5886,35.50728],[-76.48458,35.50479],[-76.44991,35.55448],[-76.62905,35.5197],[-76.57126,35.38803],[-77.07403,35.5197],[-76.97001,35.43524],[-76.48458,35.31102],[-76.49036,35.2191],[-76.54815,35.24395],[-76.59438,35.23898],[-76.51925,35.20668],[-76.52503,35.18433],[-76.61172,35.22159],[-76.61172,35.17936],[-76.63483,35.17439],[-76.65217,35.19923],[-76.65795,35.2042],[-76.66951,35.2042],[-76.77353,35.13464],[-76.53659,35.14955],[-76.80242,34.96571],[-76.98735,35.06508],[-77.03358,35.13712],[-77.07403,35.15203],[-77.07403,35.16197],[-77.08559,35.16445],[-76.96423,34.99304],[-76.76197,34.91603],[-76.78508,34.89367],[-76.76197,34.86137],[-76.70418,34.95577],[-76.68684,34.89864],[-76.62905,34.89615],[-76.63483,34.98807],[-76.51925,34.8887],[-76.58282,34.98807],[-76.50192,34.95329],[-76.43835,35.05763],[-76.46724,34.96323],[-76.43835,34.9036],[-76.40367,34.96323],[-76.40945,34.9359],[-76.31121,34.90609],[-76.40367,34.88621],[-76.51347,34.71977],[-76.60594,34.78933],[-76.65217,34.71232],[-76.72152,34.79926],[-76.77931,34.75455],[-76.69262,34.7148],[-76.90644,34.73219],[-77.09137,34.67257],[-77.07403,34.71232],[-77.10293,34.71728],[-77.11448,34.74213],[-77.10871,34.75206],[-77.11448,34.75455],[-77.15494,34.77194],[-77.12026,34.68747],[-77.21851,34.65269],[-77.31675,34.54835],[-77.40343,34.58562],[-77.31675,34.63282],[-77.39765,34.71728],[-77.36298,34.72474],[-77.35142,34.73467],[-77.43233,34.75206],[-77.36876,34.64027],[-77.44966,34.61295],[-77.36298,34.54339],[-77.53057,34.45644],[-77.68082,34.71977],[-78.11424,34.72225],[-78.20093,34.73716]]],[[[-76.7273,36.24262],[-76.72152,36.24262],[-76.7273,36.2302],[-76.7273,36.24262]]],[[[-76.00493,35.06508],[-75.98181,35.12222],[-75.76221,35.19675],[-75.96448,35.09986],[-76.00493,35.06508]]],[[[-75.75065,35.18929],[-75.75643,35.19426],[-75.75065,35.19426],[-75.75065,35.18929]]],[[[-76.0685,35.06757],[-76.05694,35.07005],[-76.05116,35.06508],[-76.0685,35.05763],[-76.0685,35.06757]]],[[[-76.0685,35.06757],[-76.07427,35.06508],[-76.07427,35.06757],[-76.0685,35.07253],[-76.0685,35.06757]]],[[[-76.12629,35.00049],[-76.12629,35.00297],[-76.05116,35.05266],[-76.04538,35.05514],[-76.05116,35.07005],[-76.0396,35.0626],[-76.0396,35.05514],[-76.12629,35.00049]]],[[[-76.07427,35.05514],[-76.08005,35.05514],[-76.08583,35.05514],[-76.08005,35.0626],[-76.07427,35.05514]]],[[[-76.29965,34.92348],[-76.38056,34.93093],[-76.31699,34.95826],[-76.35744,35.02285],[-76.31699,35.00297],[-76.33433,35.02533],[-76.29965,35.01043],[-76.29965,34.92348]]],[[[-76.13784,35.00049],[-76.14362,35.00297],[-76.13784,35.00546],[-76.13784,35.00049]]],[[[-76.1783,34.96074],[-76.1783,34.97316],[-76.12629,35.00049],[-76.21297,34.9359],[-76.1783,34.96074]]],[[[-76.1783,34.96074],[-76.18407,34.96571],[-76.1783,34.96323],[-76.1783,34.96074]]],[[[-76.18985,34.95577],[-76.19563,34.95577],[-76.19563,34.95826],[-76.18985,34.96074],[-76.18985,34.95577]]],[[[-76.31121,34.85392],[-76.31699,34.85889],[-76.21297,34.93341],[-76.27654,34.88125],[-76.31121,34.85392]]],[[[-76.53659,34.58065],[-76.55393,34.62537],[-76.53659,34.61046],[-76.43835,34.75952],[-76.32277,34.85392],[-76.53659,34.58065]]],[[[-76.68106,34.70735],[-76.68684,34.71977],[-76.66951,34.72722],[-76.68106,34.71977],[-76.68106,34.70735]]],[[[-76.52503,34.68499],[-76.58282,34.69989],[-76.5886,34.71232],[-76.55971,34.70983],[-76.52503,34.68499]]],[[[-77.09715,34.64276],[-77.06247,34.6676],[-76.82554,34.70486],[-76.67529,34.69741],[-77.09715,34.64276]],[[-76.80242,34.69741],[-76.80242,34.70238],[-76.81976,34.69741],[-76.80242,34.69741]]],[[[-76.6984,34.69989],[-76.70418,34.70735],[-76.6984,34.71232],[-76.69262,34.70238],[-76.6984,34.69989]]],[[[-76.53081,34.62785],[-76.55393,34.64772],[-76.65217,34.68002],[-76.66373,34.68996],[-76.57126,34.66511],[-76.53081,34.64276],[-76.53081,34.62785]]],[[[-77.17227,34.62288],[-77.14338,34.64276],[-77.11448,34.64027],[-77.12604,34.6353],[-77.17227,34.62288]]],[[[-77.20117,34.61543],[-77.20695,34.62288],[-77.20695,34.62785],[-77.19539,34.61543],[-77.20117,34.61543]]],[[[-77.23006,34.59556],[-77.21273,34.62288],[-77.20695,34.61295],[-77.17805,34.6204],[-77.23006,34.59556]]],[[[-77.33408,34.53096],[-77.33986,34.53345],[-77.28207,34.56574],[-77.24162,34.59556],[-77.23006,34.59307],[-77.33408,34.53096]]],[[[-77.51901,34.44153],[-77.52479,34.45147],[-77.50745,34.46637],[-77.51323,34.44898],[-77.47278,34.48128],[-77.36876,34.51606],[-77.33986,34.5409],[-77.33986,34.526],[-77.51901,34.44153]]]]}},{"type":"Feature","properties":{"dma_code":567,"name":"Greenville-Spartanburg, SC-Asheville, NC-Anderson,SC","latitude":35.0526635,"longitude":-82.697701},"geometry":{"type":"Polygon","coordinates":[[[-84.02032,35.41288],[-83.88163,35.5197],[-83.50022,35.56193],[-83.15926,35.76564],[-82.96278,35.79048],[-82.92232,35.9296],[-82.80674,35.92712],[-82.66805,36.05382],[-82.55825,35.95445],[-82.35599,36.11592],[-82.14794,36.1507],[-82.03237,35.94202],[-81.92257,35.93706],[-81.98613,35.80787],[-81.87055,35.71844],[-81.82432,35.57435],[-81.69141,35.57932],[-81.76653,35.17936],[-81.36779,35.16445],[-81.40824,35.04521],[-81.48914,35.0303],[-81.42558,34.4937],[-81.54116,34.44402],[-81.64518,34.53345],[-81.89367,34.29993],[-81.94568,34.20304],[-81.87055,34.13348],[-82.00925,33.96207],[-82.24619,34.01921],[-82.30398,33.97201],[-82.32709,34.06392],[-82.48312,34.08131],[-82.59292,34.01424],[-82.56403,33.95462],[-82.86453,33.98194],[-83.10147,34.16826],[-83.11303,34.27509],[-83.35574,34.22292],[-83.39042,34.4465],[-83.45976,34.48128],[-83.30373,34.81665],[-83.10147,34.99801],[-83.51755,34.99552],[-83.64469,35.15203],[-83.73715,35.157],[-83.70826,35.25637],[-83.95675,35.21662],[-84.0261,35.29115],[-84.02032,35.41288]]]}},{"type":"Feature","properties":{"dma_code":647,"name":"Greenwood-Greenville, MS","latitude":33.585109,"longitude":-90.4836365},"geometry":{"type":"Polygon","coordinates":[[[-89.74725,33.21431],[-90.31937,33.37578],[-90.2847,33.31368],[-90.3656,33.23915],[-90.45229,33.32858],[-90.72967,33.26648],[-90.67766,33.10251],[-90.9146,33.09755],[-90.9146,33.00811],[-91.45782,33.00563],[-91.45204,33.56459],[-91.244,33.51739],[-91.12842,33.60434],[-91.22088,33.69377],[-91.03596,33.67389],[-91.14576,33.7683],[-90.98973,33.77575],[-91.07063,33.86021],[-91.01284,33.92977],[-91.08797,33.96952],[-90.89148,34.02914],[-90.87415,34.08877],[-90.95505,34.12106],[-90.66033,34.11858],[-90.66033,33.98691],[-90.45229,33.98691],[-90.45229,34.07386],[-90.13444,34.07386],[-90.13444,34.16081],[-89.93218,34.16329],[-89.9264,33.89748],[-89.50454,33.86767],[-89.50454,33.67638],[-89.78771,33.67638],[-89.78771,33.41553],[-89.64901,33.40311],[-89.64323,33.28635],[-89.74725,33.21431]]]}},{"type":"Feature","properties":{"dma_code":636,"name":"Harlingen-Weslaco-Brownsville-McAllen, TX","latitude":26.311933,"longitude":-98.157698},"geometry":{"type":"MultiPolygon","coordinates":[[[[-99.16693,26.57139],[-98.95311,26.78504],[-97.98803,26.78007],[-97.98803,26.61611],[-97.43903,26.59872],[-97.47948,26.45463],[-97.3928,26.41489],[-97.41591,26.35029],[-97.32923,26.35278],[-97.31189,26.11926],[-97.20209,26.07703],[-97.21365,26.06212],[-97.20787,26.04225],[-97.21943,26.03479],[-97.23099,26.06957],[-97.24254,26.07206],[-97.26566,26.06212],[-97.25988,25.99505],[-97.15586,26.00001],[-97.1732,26.05715],[-97.15586,26.05964],[-97.1443,25.95778],[-97.34656,25.93045],[-97.3639,25.85096],[-97.40435,25.83854],[-97.66441,26.03728],[-98.14984,26.0497],[-98.44456,26.2236],[-98.66994,26.23602],[-98.80864,26.37017],[-99.08603,26.3975],[-99.16693,26.57139]]],[[[-97.28877,26.6012],[-97.27722,26.56643],[-97.31189,26.56643],[-97.283,26.56891],[-97.28877,26.6012]]],[[[-97.18475,26.20372],[-97.27144,26.54904],[-97.28877,26.52419],[-97.32923,26.56146],[-97.27144,26.56146],[-97.19631,26.31055],[-97.15586,26.06957],[-97.18475,26.20372]]],[[[-97.20209,26.04721],[-97.20787,26.0646],[-97.19053,26.07206],[-97.19631,26.06709],[-97.20209,26.04721]]]]}},{"type":"Feature","properties":{"dma_code":566,"name":"Harrisburg-Lancaster-Lebanon-York, PA","latitude":40.2836345,"longitude":-76.882001},"geometry":{"type":"Polygon","coordinates":[[[-77.88886,40.39382],[-77.84263,40.55033],[-77.68082,40.72919],[-77.36298,40.84844],[-77.3572,40.70187],[-77.03936,40.67951],[-76.918,40.6025],[-76.70418,40.65715],[-75.87201,40.13794],[-75.94136,40.10813],[-75.98759,39.87213],[-76.10317,39.72307],[-77.46122,39.72059],[-77.45544,39.9715],[-77.61147,40.23234],[-77.70394,40.26464],[-77.75017,40.37891],[-77.88886,40.39382]]]}},{"type":"Feature","properties":{"dma_code":569,"name":"Harrisonburg, VA","latitude":38.4231645,"longitude":-79.0679395},"geometry":{"type":"Polygon","coordinates":[[[-78.48409,38.42132],[-78.74415,38.21512],[-78.90018,37.94931],[-79.14867,37.88969],[-79.49541,38.09588],[-79.4434,38.16544],[-79.53586,38.1555],[-79.31048,38.41138],[-79.65144,38.59273],[-79.51275,38.78153],[-79.51853,38.89084],[-79.35094,38.95792],[-79.05621,38.76166],[-78.99264,38.85109],[-78.64013,38.60515],[-78.69214,38.51075],[-78.48409,38.42132]]]}},{"type":"Feature","properties":{"dma_code":533,"name":"Hartford & New Haven, CT","latitude":41.612664,"longitude":-72.659358},"geometry":{"type":"MultiPolygon","coordinates":[[[[-73.06922,41.30057],[-73.30038,41.47199],[-73.43908,41.49186],[-73.51998,41.66576],[-73.48531,42.05082],[-71.79786,42.02349],[-71.82675,41.34281],[-72.04057,41.34778],[-72.31218,41.27822],[-72.89586,41.24095],[-72.90741,41.29809],[-73.12124,41.17636],[-73.06922,41.30057]],[[-72.32952,41.2807],[-72.32374,41.29064],[-72.34108,41.29809],[-72.3353,41.28567],[-72.32952,41.2807]]],[[[-71.96545,41.32045],[-71.96545,41.32542],[-71.95967,41.32293],[-71.96545,41.32045]]]]}},{"type":"Feature","properties":{"dma_code":710,"name":"Hattiesburg-Laurel, MS","latitude":31.5670435,"longitude":-89.2449615},"geometry":{"type":"Polygon","coordinates":[[[-89.32539,32.22309],[-88.91509,32.22309],[-88.90931,31.8256],[-88.47589,31.89268],[-88.44699,31.43558],[-88.83996,31.43309],[-88.83418,30.9114],[-89.34273,30.90891],[-89.34851,31.01077],[-89.83394,31.00083],[-89.83394,31.07536],[-90.03042,31.17473],[-90.04198,31.39583],[-89.58544,31.43309],[-89.60278,31.53991],[-89.75303,31.60947],[-89.75303,31.77344],[-89.31383,31.80325],[-89.32539,32.22309]]]}},{"type":"Feature","properties":{"dma_code":766,"name":"Helena, MT","latitude":47.1878,"longitude":-112.3319335},"geometry":{"type":"Polygon","coordinates":[[[-111.63211,46.56969],[-112.03086,46.56969],[-112.31981,46.42064],[-112.31981,46.65664],[-112.53363,46.69887],[-112.53363,46.83551],[-112.79368,46.83054],[-112.79946,47.17834],[-113.05951,47.17834],[-113.05951,47.48887],[-113.1173,47.49135],[-113.16353,47.7199],[-113.05951,47.78946],[-113.0884,47.91865],[-112.98438,47.95342],[-112.91504,47.69506],[-112.81679,47.60811],[-112.55096,47.65283],[-112.28513,47.50626],[-112.0482,47.5162],[-112.04242,47.19324],[-111.78814,47.12865],[-111.78814,46.915],[-111.62055,46.90258],[-111.63789,46.83302],[-111.4992,46.76346],[-111.63789,46.73862],[-111.63211,46.56969]]]}},{"type":"Feature","properties":{"dma_code":618,"name":"Houston, TX","latitude":29.606092,"longitude":-95.6464085},"geometry":{"type":"MultiPolygon","coordinates":[[[[-94.35307,29.55996],[-94.78071,29.53015],[-94.69403,29.65436],[-94.72292,29.78851],[-94.89051,29.66181],[-94.96564,29.70156],[-95.02343,29.55251],[-94.90785,29.49785],[-94.95408,29.47053],[-94.9483,29.41836],[-94.91941,29.44817],[-94.80961,29.3637],[-94.88473,29.38855],[-94.89629,29.30408],[-94.94252,29.31402],[-95.00609,29.27924],[-95.09856,29.1749],[-95.20836,29.21216],[-95.15057,29.17987],[-95.21991,29.01591],[-95.12167,29.07056],[-95.38172,28.86437],[-95.92494,28.70289],[-95.95962,28.62588],[-95.69957,28.72525],[-95.98273,28.59607],[-95.97695,28.61594],[-95.98851,28.63333],[-95.97695,28.63581],[-95.97695,28.64327],[-95.98851,28.64327],[-95.97118,28.65817],[-95.99429,28.66314],[-96.00585,28.64575],[-96.04052,28.6532],[-96.20811,28.58364],[-96.22545,28.57868],[-96.23123,28.58116],[-96.23701,28.64327],[-96.17922,28.70537],[-96.17344,28.76251],[-96.36414,28.62588],[-96.38726,28.73022],[-96.43349,28.7327],[-96.3757,28.62588],[-96.46816,28.57371],[-96.49128,28.56874],[-96.43349,28.60352],[-96.46239,28.66811],[-96.4855,28.606],[-96.56063,28.63581],[-96.83224,29.02087],[-96.93626,29.06311],[-96.56063,29.33638],[-96.87269,29.632],[-96.57219,29.96241],[-96.64731,30.14624],[-96.79179,30.16115],[-96.734,30.24313],[-96.31213,30.38473],[-96.17922,30.39467],[-96.14454,30.33753],[-96.08098,30.43193],[-96.19078,30.59838],[-96.16766,30.82196],[-95.63022,30.89898],[-95.43373,31.05797],[-95.39906,30.85923],[-95.24881,30.90643],[-95.20258,30.82445],[-94.84428,31.1474],[-94.56111,31.06294],[-94.65936,31.01077],[-94.538,30.49156],[-94.73448,30.48907],[-94.59579,30.11147],[-94.44553,30.11395],[-94.43976,29.88788],[-94.35885,29.88788],[-94.35307,29.55996]]],[[[-94.68247,29.45314],[-94.70559,29.43575],[-94.67669,29.47549],[-94.59001,29.49288],[-94.56689,29.53263],[-94.5091,29.52021],[-94.68247,29.45314]]],[[[-94.68247,29.45314],[-94.50332,29.51027],[-94.65358,29.44071],[-94.7576,29.36122],[-94.68247,29.45314]]],[[[-94.79805,29.31153],[-94.82117,29.32147],[-94.80961,29.35128],[-94.77493,29.33638],[-94.79805,29.31153]]],[[[-95.11011,29.08795],[-94.95408,29.22955],[-94.83272,29.27924],[-94.87896,29.27924],[-94.87896,29.29414],[-94.78071,29.31402],[-94.76916,29.33638],[-94.72292,29.33141],[-95.11011,29.08795]]],[[[-94.91941,29.29414],[-94.93097,29.29911],[-94.90207,29.29911],[-94.91363,29.29414],[-94.91941,29.29414]]],[[[-96.93048,28.58613],[-96.66465,28.70537],[-96.64153,28.57122],[-96.4046,28.44204],[-96.66465,28.32528],[-96.89003,28.50663],[-96.93048,28.58613]]],[[[-95.97695,28.61594],[-95.98851,28.58861],[-96.21967,28.49173],[-96.21967,28.5116],[-95.97695,28.61594]]],[[[-96.32369,28.42465],[-96.33525,28.43707],[-96.22545,28.49421],[-96.23123,28.48427],[-96.32369,28.42465]]],[[[-96.38148,28.39484],[-96.34103,28.4321],[-96.32947,28.42465],[-96.36414,28.39981],[-96.38148,28.39484]]],[[[-96.82068,28.16877],[-96.75133,28.17126],[-96.4046,28.37248],[-96.84958,28.06443],[-96.82068,28.16877]]],[[[-96.79756,28.27808],[-96.78601,28.25075],[-96.80912,28.22094],[-96.79756,28.27808]]]]}},{"type":"Feature","properties":{"dma_code":691,"name":"Huntsville-Decatur (Florence), AL","latitude":34.7953925,"longitude":-86.8583345},"geometry":{"type":"Polygon","coordinates":[[[-88.10026,34.89118],[-88.20428,35.00794],[-87.98468,35.00546],[-88.02513,35.393],[-87.97312,35.46008],[-87.73618,35.49237],[-87.57437,35.40542],[-87.60327,35.00297],[-86.83467,34.99055],[-86.82889,35.26382],[-86.58039,35.37064],[-86.38969,35.23649],[-86.32034,34.99055],[-85.60375,34.98558],[-85.51129,34.52351],[-85.84069,34.20056],[-86.18743,34.18317],[-86.303,34.0987],[-86.47637,34.30241],[-88.17538,34.32229],[-88.10026,34.89118]]]}},{"type":"Feature","properties":{"dma_code":758,"name":"Idaho Falls-Pocatello, ID","latitude":43.641669,"longitude":-112.6765315},"geometry":{"type":"Polygon","coordinates":[[[-110.05446,43.37742],[-110.34341,43.37742],[-110.34341,43.29047],[-110.58034,43.29047],[-110.6208,42.70915],[-110.53989,42.27689],[-110.05446,42.27192],[-110.04868,41.57633],[-111.04844,41.57881],[-111.04844,42.51289],[-111.23336,42.47811],[-111.24492,42.60233],[-111.2796,42.55264],[-111.60322,42.58991],[-111.5801,42.42843],[-111.89794,42.41601],[-111.89794,42.25702],[-112.19267,42.35142],[-112.32558,42.32409],[-112.29669,42.44582],[-112.38337,42.50296],[-112.49895,42.50296],[-112.49895,42.41601],[-112.65498,42.41601],[-112.65498,42.32906],[-113.00172,42.32657],[-113.00172,42.58742],[-113.23866,42.62469],[-113.18087,42.76132],[-113.23866,42.76132],[-113.24444,42.84827],[-113.24444,43.1116],[-113.0075,43.1116],[-113.0075,43.2855],[-113.36002,43.2855],[-113.36002,43.36748],[-113.6374,43.36748],[-113.59117,43.46685],[-113.70097,43.58361],[-113.80499,43.57119],[-114.00148,43.76496],[-114.1055,43.7426],[-114.29043,43.88669],[-114.48691,43.90408],[-114.56204,43.84446],[-114.81631,43.92892],[-114.81631,43.99351],[-114.97234,43.93886],[-115.04747,44.03823],[-115.02435,44.15747],[-115.29018,44.33386],[-115.22661,44.46304],[-115.30752,44.5798],[-115.11681,44.75618],[-114.94345,44.72389],[-114.72385,44.89033],[-114.72962,45.15118],[-114.59093,45.29775],[-114.79319,45.43687],[-114.79319,45.50891],[-114.66606,45.47165],[-114.46957,45.56605],[-114.33088,45.45923],[-113.98992,45.70517],[-113.80499,45.60331],[-113.83389,45.52133],[-113.76454,45.52133],[-113.74143,45.33005],[-113.45248,45.05926],[-113.45248,44.86549],[-113.34268,44.78351],[-113.12886,44.77357],[-113.0075,44.45559],[-112.85725,44.36118],[-112.78212,44.4854],[-112.38915,44.44813],[-112.28513,44.56738],[-111.4703,44.54005],[-111.51653,44.64439],[-111.38362,44.75618],[-111.04844,44.47298],[-111.05422,44.66675],[-110.66703,44.66675],[-110.66703,44.58228],[-110.2914,44.54254],[-110.29718,44.42826],[-110.14114,44.27672],[-110.11803,44.13263],[-110.05446,44.13263],[-110.05446,44.00842],[-110.05446,43.37742]]]}},{"type":"Feature","properties":{"dma_code":527,"name":"Indianapolis, IN","latitude":39.84288,"longitude":-86.1652105},"geometry":{"type":"Polygon","coordinates":[[[-85.44194,39.19641],[-85.80024,39.12933],[-85.8638,39.0399],[-86.32034,39.04983],[-86.30878,38.68713],[-86.68441,38.68713],[-86.68441,39.1666],[-87.05427,39.16908],[-87.05427,39.34298],[-86.94447,39.34298],[-86.93869,39.47216],[-87.01381,39.47464],[-87.00804,39.86716],[-87.08894,39.86716],[-87.08894,39.95411],[-87.44146,39.96156],[-87.41834,40.19259],[-87.09472,40.36649],[-87.09472,40.21495],[-86.69597,40.21495],[-86.69597,40.56275],[-87.09472,40.56275],[-87.09472,40.4758],[-87.52814,40.47828],[-87.52814,40.73665],[-87.1005,40.73665],[-87.1005,40.8385],[-86.98492,40.8385],[-86.98492,40.91303],[-86.17009,40.91055],[-86.17009,40.9975],[-85.94471,40.99998],[-85.93893,40.65218],[-85.44772,40.65467],[-85.44772,40.56772],[-85.19923,40.56772],[-85.21656,40.30687],[-84.80626,40.30935],[-84.81204,40.00379],[-85.19923,40.00379],[-85.22234,39.78766],[-85.18767,39.71562],[-85.03164,39.71562],[-85.03742,39.52681],[-85.29747,39.52433],[-85.29747,39.26845],[-85.44194,39.19641]]]}},{"type":"Feature","properties":{"dma_code":718,"name":"Jackson, MS","latitude":32.1874215,"longitude":-90.485657},"geometry":{"type":"Polygon","coordinates":[[[-89.83394,31.00083],[-90.55053,31.00083],[-90.55053,31.34863],[-91.11108,31.31882],[-91.23244,31.37347],[-91.46938,31.31882],[-91.48672,31.22938],[-91.59074,31.19212],[-91.65431,31.24926],[-91.50983,31.28404],[-91.56762,31.42315],[-91.4636,31.38092],[-91.52139,31.52253],[-91.40581,31.5896],[-91.50983,31.63432],[-91.40003,31.61941],[-91.37114,31.74611],[-91.26712,31.75108],[-91.36536,31.76101],[-91.34224,31.84548],[-91.25556,31.81318],[-91.18621,31.96224],[-91.07641,32.01689],[-91.15732,32.07403],[-91.08219,32.0467],[-91.00706,32.14359],[-91.1631,32.13365],[-91.1631,32.19576],[-91.04174,32.24296],[-90.99551,32.19328],[-90.87415,32.37214],[-90.99551,32.35475],[-90.97239,32.43922],[-91.11108,32.47897],[-91.09375,32.54852],[-90.98973,32.4889],[-91.08219,32.55598],[-91.00128,32.62305],[-91.14576,32.60318],[-91.0533,32.72242],[-91.1631,32.74727],[-91.1631,32.81186],[-91.06485,32.92365],[-91.11108,32.98824],[-91.17465,32.90129],[-91.20355,32.96091],[-91.16887,33.0106],[-90.9146,33.00811],[-90.9146,33.09755],[-90.68344,33.09755],[-90.72967,33.26648],[-90.55631,33.27144],[-90.55631,33.32858],[-90.45229,33.32858],[-90.41183,33.23418],[-90.2847,33.31368],[-90.31937,33.37578],[-89.74725,33.21431],[-89.70102,33.28635],[-89.31383,33.28635],[-89.31383,31.80325],[-89.75303,31.77344],[-89.75303,31.60947],[-89.60278,31.53991],[-89.58544,31.43309],[-90.04198,31.39583],[-90.03042,31.17473],[-89.83394,31.07536],[-89.83394,31.00083]]]}},{"type":"Feature","properties":{"dma_code":639,"name":"Jackson, TN","latitude":35.5707925,"longitude":-88.530231},"geometry":{"type":"Polygon","coordinates":[[[-88.1985,34.99552],[-88.37764,34.99552],[-88.36609,35.49237],[-88.59724,35.59174],[-88.81684,35.42778],[-89.0769,35.43027],[-89.07112,35.6936],[-89.01911,35.67124],[-88.91509,35.79794],[-88.70704,35.79048],[-88.65503,36.11841],[-88.21006,36.14573],[-88.18116,35.75074],[-88.25051,35.42281],[-88.0598,35.41785],[-87.9789,35.29612],[-87.98468,35.00546],[-88.1985,34.99552]]]}},{"type":"Feature","properties":{"dma_code":561,"name":"Jacksonville, FL","latitude":30.427575,"longitude":-82.006576},"geometry":{"type":"MultiPolygon","coordinates":[[[[-82.0497,29.73386],[-82.13061,29.83571],[-82.52358,29.94502],[-82.65071,29.82578],[-82.80096,29.9326],[-82.79519,30.33753],[-82.69116,30.33256],[-82.64493,30.40709],[-82.72584,30.5636],[-82.41955,30.58099],[-82.4889,30.96357],[-82.70272,31.22441],[-82.6276,31.2741],[-82.6276,31.47036],[-82.40222,31.4157],[-82.22885,31.52998],[-82.06126,31.46539],[-82.03237,31.36602],[-81.72608,31.32627],[-81.62206,31.45297],[-81.38512,31.28155],[-81.40824,31.26665],[-81.40824,31.27907],[-81.4198,31.28404],[-81.43136,31.289],[-81.42558,31.289],[-81.42558,31.30143],[-81.43136,31.30391],[-81.42558,31.29894],[-81.42558,31.289],[-81.43136,31.289],[-81.42558,31.28652],[-81.39668,31.25422],[-81.4198,31.24926],[-81.44291,31.20702],[-81.43136,31.13001],[-81.48337,31.11014],[-81.42558,31.04803],[-81.51804,30.97102],[-81.50648,30.96357],[-81.50648,30.95611],[-81.50648,30.94866],[-81.5007,30.94369],[-81.50648,30.93624],[-81.50648,30.93127],[-81.5007,30.92382],[-81.49492,30.92382],[-81.48337,30.93127],[-81.47181,30.92133],[-81.49492,30.90891],[-81.51804,30.88655],[-81.48337,30.84432],[-81.51804,30.84681],[-81.53538,30.82693],[-81.5007,30.72259],[-81.42558,30.70023],[-81.45447,30.52137],[-81.28688,29.91272],[-81.36201,30.06675],[-81.36779,30.03445],[-81.30422,29.82826],[-81.24643,29.74379],[-81.25221,29.73137],[-81.24643,29.71647],[-81.21176,29.67175],[-81.52382,29.62207],[-81.43136,29.39848],[-81.55271,29.35377],[-81.67985,29.32395],[-81.84166,29.52021],[-82.05548,29.47053],[-82.0497,29.73386]]],[[[-81.4198,31.18963],[-81.39668,31.20454],[-81.38512,31.24677],[-81.37934,31.28404],[-81.3909,31.30639],[-81.26954,31.29149],[-81.3909,31.1325],[-81.4198,31.15485],[-81.40824,31.17473],[-81.4198,31.18467],[-81.4198,31.18963]]],[[[-81.4198,31.18963],[-81.43136,31.2269],[-81.4198,31.24677],[-81.39668,31.24677],[-81.39668,31.25919],[-81.39668,31.20454],[-81.4198,31.18963]]],[[[-81.42558,31.15485],[-81.43136,31.16231],[-81.4198,31.18218],[-81.40824,31.17224],[-81.42558,31.15485]]],[[[-81.43136,31.01325],[-81.4198,31.03561],[-81.44291,31.09275],[-81.40824,31.12007],[-81.40246,31.07287],[-81.4198,31.0207],[-81.43136,31.01325]]],[[[-81.45447,30.71266],[-81.48337,30.73501],[-81.47181,30.84184],[-81.51226,30.88159],[-81.40824,30.97847],[-81.45447,30.71266]]],[[[-81.5007,30.92382],[-81.48337,30.94618],[-81.50648,30.96357],[-81.44869,30.96605],[-81.5007,30.92382]]],[[[-81.50648,30.82942],[-81.50648,30.82445],[-81.52382,30.81948],[-81.52382,30.83687],[-81.50648,30.82942]]],[[[-81.50648,30.82445],[-81.50648,30.82942],[-81.5007,30.79464],[-81.51804,30.80706],[-81.51804,30.817],[-81.50648,30.82445]]],[[[-81.24643,29.74379],[-81.25221,29.76118],[-81.2811,29.81832],[-81.29844,29.83074],[-81.29266,29.90527],[-81.22909,29.70653],[-81.24643,29.7264],[-81.24643,29.74379]]]]}},{"type":"Feature","properties":{"dma_code":574,"name":"Johnstown-Altoona, PA","latitude":40.673069,"longitude":-78.328162},"geometry":{"type":"Polygon","coordinates":[[[-77.85997,40.06093],[-78.13158,40.16527],[-78.38007,39.72307],[-79.39139,39.72059],[-79.39717,39.89945],[-79.00998,40.33917],[-78.79616,40.71677],[-78.80772,40.90558],[-79.21802,40.91055],[-79.20646,41.42976],[-79.47807,41.38752],[-79.51275,41.62353],[-78.20093,41.61856],[-77.98711,41.47447],[-78.09113,41.21611],[-78.03912,41.154],[-77.90042,41.25337],[-77.89464,41.17636],[-77.57102,41.06705],[-77.50745,40.96272],[-77.14338,41.0447],[-77.81952,40.58014],[-77.88886,40.39382],[-77.75017,40.37891],[-77.70394,40.26464],[-77.85997,40.06093]]]}},{"type":"Feature","properties":{"dma_code":734,"name":"Jonesboro, AR","latitude":36.0989355,"longitude":-91.1294975},"geometry":{"type":"Polygon","coordinates":[[[-92.15707,36.26001],[-91.56762,36.25007],[-91.56762,36.33702],[-91.45204,36.33454],[-91.45204,36.4985],[-90.15178,36.4985],[-90.0651,36.38422],[-90.07665,36.27988],[-90.37716,35.99668],[-90.29047,35.99668],[-90.2847,35.70105],[-91.03596,35.7085],[-91.03018,35.88489],[-91.4636,35.93706],[-91.75255,35.94202],[-91.85079,35.8675],[-92.11084,35.93209],[-92.05883,36.03394],[-92.19753,36.13331],[-92.15707,36.26001]]]}},{"type":"Feature","properties":{"dma_code":603,"name":"Joplin, MO-Pittsburg, KS","latitude":37.2695535,"longitude":-95.0098365},"geometry":{"type":"Polygon","coordinates":[[[-94.6189,36.66743],[-95.00031,36.66991],[-95.00609,37.00032],[-95.52042,37.00032],[-95.52042,37.3829],[-95.95962,37.38786],[-95.95962,38.04122],[-94.05835,38.03626],[-94.07568,36.4985],[-94.6189,36.4985],[-94.6189,36.66743]]]}},{"type":"Feature","properties":{"dma_code":616,"name":"Kansas City, MO","latitude":39.3042305,"longitude":-94.208994},"geometry":{"type":"Polygon","coordinates":[[[-95.34127,39.65351],[-95.05232,39.6237],[-95.10433,39.53427],[-94.60157,39.53178],[-94.60157,39.74791],[-94.2086,39.74543],[-94.20282,40.0336],[-94.60735,40.03857],[-94.59579,40.38637],[-94.21438,40.38388],[-94.23171,40.57269],[-93.77518,40.57766],[-93.76362,40.26464],[-93.36487,40.26712],[-93.36487,40.0336],[-92.84477,40.03609],[-92.85633,39.70071],[-93.28975,39.68332],[-93.27819,39.45725],[-92.85055,39.23119],[-93.04703,38.97282],[-93.07015,38.53062],[-93.51512,38.51323],[-93.5209,38.20767],[-94.05257,38.21512],[-94.06412,38.03129],[-95.52042,38.03874],[-95.50308,39.0548],[-95.18524,39.04487],[-95.17946,39.41999],[-95.57243,39.41999],[-95.56665,39.65351],[-95.34127,39.65351]]]}},{"type":"Feature","properties":{"dma_code":557,"name":"Knoxville, TN","latitude":36.112655,"longitude":-84.0422025},"geometry":{"type":"Polygon","coordinates":[[[-85.24546,36.10102],[-85.15299,36.09853],[-85.08365,36.19542],[-85.08943,36.50098],[-84.94495,36.58048],[-84.73113,36.52583],[-84.78314,36.60284],[-84.59244,36.86369],[-84.29771,36.94567],[-84.3555,36.80903],[-84.28037,36.64259],[-83.93364,36.58793],[-83.95675,36.64507],[-83.5869,36.9556],[-83.45976,36.88356],[-83.18237,37.02019],[-83.12459,37.00529],[-83.1477,36.95312],[-82.93966,37.01523],[-82.85298,36.9556],[-82.90499,36.87611],[-83.07257,36.85375],[-83.13614,36.74196],[-83.67359,36.60035],[-82.82986,36.5929],[-83.0379,36.55067],[-83.2864,36.37925],[-83.24016,36.28237],[-83.1766,36.34199],[-83.15348,36.34199],[-83.08413,36.2451],[-83.17082,36.15567],[-82.89921,35.94451],[-82.99167,35.7731],[-83.15926,35.76564],[-83.50022,35.56193],[-83.88163,35.5197],[-84.02032,35.41288],[-84.04922,35.27376],[-84.34394,35.2042],[-84.49419,35.28618],[-84.40173,35.34332],[-84.52887,35.62901],[-84.78314,35.82526],[-85.03164,35.74577],[-85.25124,35.76564],[-85.24546,36.10102]]]}},{"type":"Feature","properties":{"dma_code":702,"name":"La Crosse-Eau Claire, WI","latitude":44.313217,"longitude":-91.197266},"geometry":{"type":"Polygon","coordinates":[[[-92.08195,44.10779],[-92.08195,44.19225],[-91.85657,44.19225],[-91.92592,44.33386],[-92.08195,44.40838],[-92.02994,44.58725],[-91.64853,44.59719],[-91.66586,45.20832],[-91.54451,45.20583],[-91.53873,45.63809],[-90.67766,45.63809],[-90.67766,45.37725],[-90.92616,45.37973],[-90.92616,45.03193],[-90.31359,45.03442],[-90.31359,43.5538],[-90.67188,43.5538],[-90.66611,43.17122],[-91.15732,42.98739],[-91.17465,43.13148],[-91.05907,43.2532],[-91.20933,43.35257],[-91.21511,43.50163],[-91.72943,43.50163],[-91.72943,43.84694],[-92.08195,43.84694],[-92.08195,44.10779]]]}},{"type":"Feature","properties":{"dma_code":582,"name":"Lafayette, IN","latitude":40.3451955,"longitude":-87.113428},"geometry":{"type":"Polygon","coordinates":[[[-87.52814,40.47828],[-87.09472,40.4758],[-87.09472,40.56275],[-86.69597,40.56275],[-86.69597,40.21495],[-87.09472,40.21495],[-87.09472,40.36649],[-87.41834,40.19259],[-87.40678,40.128],[-87.53392,40.14788],[-87.52814,40.47828]]]}},{"type":"Feature","properties":{"dma_code":642,"name":"Lafayette, LA","latitude":30.2379905,"longitude":-92.1119525},"geometry":{"type":"MultiPolygon","coordinates":[[[[-92.62517,30.48907],[-92.59627,30.89649],[-92.38823,31.00331],[-92.27843,30.96605],[-92.23798,30.84929],[-91.79878,30.83687],[-91.73521,30.70272],[-91.75833,30.49653],[-91.64275,30.44187],[-91.59074,30.25804],[-91.47516,30.22823],[-91.4636,30.10153],[-91.22088,30.04191],[-91.23244,29.91769],[-91.09375,29.80093],[-91.09953,29.69908],[-91.38847,29.78354],[-91.46938,29.95496],[-91.62541,29.94502],[-91.85657,29.73883],[-91.82767,29.83074],[-91.97215,29.83323],[-92.13974,29.71895],[-92.13396,29.76615],[-92.2033,29.75125],[-92.16863,29.70156],[-92.09928,29.69908],[-92.11084,29.62207],[-92.03572,29.632],[-92.00682,29.61461],[-92.04727,29.5848],[-92.29577,29.53263],[-92.61939,29.57983],[-92.61361,30.03694],[-92.99502,30.03942],[-92.88522,30.08165],[-92.891,30.15618],[-92.99502,30.15618],[-93.02969,30.37977],[-93.13371,30.42448],[-92.62517,30.48907]]],[[[-91.82189,29.47301],[-91.96637,29.53015],[-92.03572,29.57735],[-91.9028,29.64194],[-91.70632,29.57238],[-91.82189,29.47301]]]]}},{"type":"Feature","properties":{"dma_code":643,"name":"Lake Charles, LA","latitude":30.2390885,"longitude":-93.2619725},"geometry":{"type":"Polygon","coordinates":[[[-92.61939,29.57983],[-93.19728,29.77361],[-93.83875,29.69163],[-93.92543,29.78851],[-93.70005,30.05681],[-93.7405,30.53876],[-93.55558,30.87662],[-92.59627,30.89898],[-92.62517,30.48907],[-93.13371,30.42448],[-93.02969,30.37977],[-92.99502,30.15618],[-92.891,30.15618],[-92.88522,30.08165],[-92.99502,30.03942],[-92.61361,30.03694],[-92.61939,29.57983]]]}},{"type":"Feature","properties":{"dma_code":551,"name":"Lansing, MI","latitude":42.4074535,"longitude":-84.602594},"geometry":{"type":"Polygon","coordinates":[[[-84.82359,42.07318],[-84.70802,42.0707],[-84.71957,42.42098],[-85.07209,42.42098],[-85.07209,42.77126],[-84.83515,42.77126],[-84.83515,43.11905],[-84.36706,43.11905],[-84.36128,42.77623],[-84.15902,42.77623],[-84.13012,42.07318],[-84.36128,42.07318],[-84.36128,41.70551],[-84.80626,41.69557],[-84.82359,42.07318]]]}},{"type":"Feature","properties":{"dma_code":749,"name":"Laredo, TX","latitude":27.388155,"longitude":-99.5051385},"geometry":{"type":"Polygon","coordinates":[[[-99.16693,26.57139],[-99.27095,26.84218],[-99.44432,27.02353],[-99.44432,27.25208],[-99.53678,27.31667],[-99.51367,27.56758],[-99.87774,27.79862],[-99.92975,27.97997],[-100.21292,28.1961],[-99.39231,28.20355],[-99.38653,28.02965],[-98.80286,28.05698],[-98.79708,27.26699],[-98.95311,27.26947],[-98.95311,26.78504],[-99.16693,26.57139]]]}},{"type":"Feature","properties":{"dma_code":839,"name":"Las Vegas, NV","latitude":37.082759,"longitude":-116.121556},"geometry":{"type":"Polygon","coordinates":[[[-117.16834,36.97051],[-117.16834,38.00148],[-118.19699,38.91817],[-118.19699,39.00015],[-117.33015,39.16411],[-115.90853,39.16163],[-115.00123,38.6772],[-114.04771,38.6772],[-114.04771,36.19294],[-114.15173,36.02401],[-114.24419,36.01655],[-114.406,36.14822],[-114.75274,36.08611],[-114.66028,35.87247],[-114.71229,35.80539],[-114.67761,35.49983],[-114.56781,35.18433],[-114.64872,35.10234],[-114.63138,35.00297],[-117.16834,36.97051]]]}},{"type":"Feature","properties":{"dma_code":541,"name":"Lexington, KY","latitude":37.584915,"longitude":-83.9929735},"geometry":{"type":"Polygon","coordinates":[[[-85.04319,37.18664],[-85.16455,37.31085],[-85.04319,37.41271],[-85.00274,37.85242],[-85.14722,37.88969],[-85.17033,37.99651],[-85.04897,38.07352],[-84.99696,38.33685],[-84.74847,38.34927],[-84.41329,38.5654],[-84.20525,38.58279],[-84.17057,38.48591],[-83.99721,38.42132],[-83.92786,38.49336],[-83.64469,38.52566],[-83.58112,38.42877],[-83.40197,38.38902],[-83.30373,38.21015],[-83.19971,38.17041],[-83.26906,38.05861],[-83.02634,38.00893],[-82.96278,37.91204],[-83.00323,37.85987],[-83.13036,37.89217],[-83.26906,37.76796],[-83.2575,37.67852],[-82.76051,37.42513],[-82.7085,37.28601],[-83.04946,37.16925],[-83.04946,37.03013],[-83.11303,36.99287],[-83.18237,37.02019],[-83.20549,37.1767],[-83.3962,37.32079],[-83.47132,37.29098],[-83.55223,37.16677],[-83.51177,36.93821],[-83.5869,36.9556],[-83.58112,36.90343],[-83.78338,36.80158],[-83.95675,36.64507],[-83.93364,36.58793],[-84.22836,36.5929],[-84.3555,36.80903],[-84.29771,36.94567],[-84.36128,36.96306],[-84.59244,36.86369],[-84.77736,36.60284],[-84.99118,36.62023],[-85.06631,36.85872],[-85.21656,36.85375],[-85.27435,36.89847],[-85.04319,37.18664]]]}},{"type":"Feature","properties":{"dma_code":558,"name":"Lima, OH","latitude":40.782607,"longitude":-84.138823},"geometry":{"type":"Polygon","coordinates":[[[-84.39595,40.68448],[-84.39595,40.81614],[-83.88163,40.92048],[-83.88163,40.64473],[-84.39595,40.68448]]]}},{"type":"Feature","properties":{"dma_code":722,"name":"Lincoln & Hastings-Kearney, NE","latitude":41.282784,"longitude":-99.257628},"geometry":{"type":"Polygon","coordinates":[[[-97.36968,40.00131],[-97.36968,39.65351],[-97.93024,39.65351],[-97.93024,39.56656],[-99.62925,39.56656],[-99.62347,40.00131],[-101.32248,40.00379],[-101.32248,40.35159],[-102.05062,40.3491],[-102.05062,41.00495],[-101.24735,41.00495],[-101.24735,40.6969],[-100.22448,40.69938],[-100.25337,41.74029],[-99.68704,41.74029],[-99.68704,42.0856],[-100.16669,42.0856],[-100.19558,42.99732],[-98.49657,42.99732],[-98.31165,42.88305],[-98.30587,42.43588],[-97.832,42.43837],[-97.832,41.52664],[-97.70486,41.52664],[-97.70486,41.39498],[-97.60084,41.39498],[-97.60084,41.33287],[-97.36968,41.39498],[-97.36968,41.04718],[-96.46239,41.0447],[-96.46239,40.00131],[-97.36968,40.00131]]]}},{"type":"Feature","properties":{"dma_code":693,"name":"Little Rock-Pine Bluff, AR","latitude":34.647081,"longitude":-92.670434},"geometry":{"type":"Polygon","coordinates":[[[-93.37065,33.9571],[-93.82141,34.00927],[-93.82141,34.18317],[-93.92543,34.18565],[-93.93699,34.34961],[-94.25483,34.35458],[-94.24327,34.19311],[-94.46865,34.19062],[-94.45709,34.72971],[-93.8792,34.66511],[-93.71161,34.74461],[-93.70583,35.13464],[-93.27819,35.21165],[-93.27819,35.31848],[-93.42266,35.32841],[-93.43422,35.42778],[-93.71161,35.37561],[-93.69427,35.76813],[-92.94879,35.72589],[-92.94301,36.11592],[-92.41135,36.06375],[-92.41713,35.9768],[-92.30733,35.97432],[-92.30733,36.06127],[-92.19753,36.05879],[-92.19753,36.13331],[-92.05883,36.03394],[-92.11084,35.93209],[-91.85079,35.8675],[-91.75255,35.94202],[-91.03018,35.88489],[-91.04752,35.00049],[-91.15154,35.00297],[-91.15154,34.91106],[-91.10531,34.73467],[-91.04752,34.73467],[-91.00128,34.33719],[-91.05907,34.33719],[-91.11686,34.11858],[-90.86837,34.08131],[-90.98973,34.01921],[-90.96661,33.96207],[-91.08797,33.97201],[-91.01284,33.92977],[-91.07063,33.86021],[-90.98973,33.78569],[-91.1342,33.7832],[-91.14576,33.73103],[-91.03596,33.67389],[-91.22088,33.69377],[-91.12842,33.60434],[-91.244,33.51739],[-91.45204,33.56459],[-91.45782,33.3882],[-91.98948,33.39814],[-91.97793,33.30126],[-92.16285,33.16214],[-92.22642,33.25405],[-92.44602,33.27393],[-92.55004,33.36585],[-93.11638,33.38075],[-93.10482,33.77823],[-93.17995,33.80059],[-93.37065,33.9571]]]}},{"type":"Feature","properties":{"dma_code":803,"name":"Los Angeles, CA","latitude":35.132844,"longitude":-116.858513},"geometry":{"type":"MultiPolygon","coordinates":[[[[-119.47414,34.37446],[-119.44524,34.90112],[-119.27765,34.87876],[-119.24298,34.81417],[-118.88468,34.78933],[-118.9367,34.9359],[-118.76911,34.88621],[-118.85001,34.96323],[-118.72287,35.02533],[-118.74599,35.06757],[-118.52639,34.97813],[-118.06407,35.24395],[-118.02362,35.51473],[-117.91382,35.60168],[-118.11609,35.74577],[-117.98317,35.8675],[-118.09875,36.34696],[-118.36458,36.69227],[-118.43971,37.05994],[-118.66508,37.15434],[-118.66508,37.26117],[-118.78644,37.34315],[-118.77488,37.46239],[-117.83292,37.46488],[-114.63138,35.00297],[-114.63716,34.87379],[-114.46957,34.71232],[-114.38289,34.45644],[-114.14017,34.30241],[-114.52736,33.94965],[-114.49269,33.70867],[-114.6256,33.43292],[-115.67737,33.42795],[-116.02989,33.58695],[-116.19748,33.86021],[-116.45753,33.97449],[-116.45753,34.03411],[-116.71758,34.03411],[-116.68291,33.74594],[-116.79271,33.67638],[-116.56733,33.5621],[-116.53843,33.4677],[-117.20879,33.43292],[-117.5093,33.50497],[-117.59598,33.3882],[-118.11609,33.75091],[-118.41081,33.74097],[-118.43971,33.97946],[-118.52639,34.03163],[-118.80378,33.99933],[-119.1274,34.0987],[-119.47414,34.37446]]],[[[-119.37589,34.01175],[-119.37012,34.01672],[-119.35856,34.01672],[-119.36434,34.01424],[-119.37589,34.01175]]],[[[-119.39323,34.00182],[-119.42213,34.0043],[-119.44524,34.01424],[-119.38167,34.01175],[-119.39323,34.00182]]],[[[-118.32413,33.29877],[-118.46282,33.3261],[-118.50327,33.43541],[-118.6073,33.47764],[-118.36458,33.40808],[-118.32413,33.29877]]],[[[-119.46836,33.21431],[-119.54348,33.2317],[-119.57816,33.2789],[-119.42213,33.22921],[-119.46836,33.21431]]],[[[-118.42237,32.80192],[-118.4975,32.8516],[-118.6073,33.03296],[-118.34724,32.82179],[-118.42237,32.80192]]]]}},{"type":"Feature","properties":{"dma_code":529,"name":"Louisville, KY","latitude":38.1524665,"longitude":-85.7750445},"geometry":{"type":"Polygon","coordinates":[[[-86.60929,37.39532],[-86.66708,37.54934],[-86.57461,37.55183],[-86.67864,37.7928],[-86.43014,38.07849],[-86.45904,38.20767],[-86.67864,38.26232],[-86.68441,38.68713],[-86.30878,38.68713],[-86.32034,39.04983],[-85.8638,39.0399],[-85.80024,39.12933],[-85.44194,39.19641],[-85.44772,38.9132],[-85.205,38.9132],[-85.19923,38.6921],[-85.02586,38.76166],[-84.93917,38.65235],[-85.07787,38.57783],[-84.86983,38.36666],[-84.99696,38.33685],[-85.04897,38.07352],[-85.17033,37.99651],[-85.14722,37.88969],[-85.00274,37.85491],[-85.04319,37.41271],[-85.52863,37.10963],[-85.68466,37.18167],[-85.65576,37.42264],[-86.04873,37.44997],[-86.01984,37.39532],[-86.09496,37.33073],[-86.47059,37.32079],[-86.60929,37.39532]]]}},{"type":"Feature","properties":{"dma_code":651,"name":"Lubbock, TX","latitude":33.4181475,"longitude":-101.791018},"geometry":{"type":"Polygon","coordinates":[[[-100.5192,33.39814],[-100.5192,32.9634],[-101.17222,32.9634],[-101.17222,32.52368],[-103.06194,32.5212],[-103.0446,34.31235],[-100.5192,34.31483],[-100.5192,33.39814]]]}},{"type":"Feature","properties":{"dma_code":503,"name":"Macon, GA","latitude":32.6218675,"longitude":-83.3190475},"geometry":{"type":"Polygon","coordinates":[[[-84.055,32.5212],[-84.055,32.53113],[-84.00298,32.53113],[-84.00298,32.53362],[-84.055,32.63547],[-84.20525,32.69013],[-84.12434,32.9311],[-84.04344,32.94849],[-84.04344,33.20189],[-83.84117,33.19692],[-83.81806,33.13233],[-83.32107,33.16959],[-83.00901,33.47019],[-82.82408,33.42547],[-82.7374,33.17456],[-82.55247,33.02053],[-82.52358,32.82179],[-82.43689,32.76217],[-82.46579,32.6479],[-82.64493,32.51375],[-82.38488,32.43922],[-82.408,32.35475],[-82.65649,32.3001],[-82.54669,31.95479],[-83.00323,31.77592],[-83.18237,31.85293],[-83.61002,31.85293],[-83.61002,32.02931],[-83.96253,32.0318],[-84.0261,32.17092],[-84.25726,32.29513],[-84.25148,32.39698],[-84.055,32.5212]],[[-84.055,32.5212],[-84.01454,32.49636],[-84.00876,32.5212],[-84.04922,32.5212],[-84.055,32.5212]]]}},{"type":"Feature","properties":{"dma_code":669,"name":"Madison, WI","latitude":43.370746,"longitude":-89.9627745},"geometry":{"type":"Polygon","coordinates":[[[-90.64299,42.50793],[-90.70656,42.63711],[-91.0533,42.73896],[-91.14576,42.91038],[-91.15154,42.99236],[-90.66611,43.17122],[-90.67188,43.5538],[-90.31359,43.5538],[-90.31359,44.24939],[-89.90329,44.24939],[-90.02464,44.06804],[-89.78771,43.64075],[-89.60278,43.64323],[-89.597,43.98109],[-89.16936,43.98358],[-89.16936,43.76496],[-89.24449,43.76745],[-89.24449,43.64323],[-89.00755,43.6333],[-89.01333,42.84827],[-88.77639,42.8433],[-88.77639,42.49302],[-89.9264,42.50544],[-90.64299,42.50793]]]}},{"type":"Feature","properties":{"dma_code":737,"name":"Mankato, MN","latitude":43.876563,"longitude":-94.4376415},"geometry":{"type":"Polygon","coordinates":[[[-94.86162,44.10779],[-95.09856,44.10779],[-95.11011,44.28169],[-94.8674,44.28169],[-94.8674,44.49782],[-94.2086,44.19971],[-94.12769,44.1848],[-94.12769,44.26927],[-93.7694,44.23946],[-93.7694,43.84694],[-94.24905,43.84694],[-94.24905,43.49915],[-94.44553,43.50163],[-94.44553,43.25569],[-94.91363,43.25569],[-94.86162,44.10779]]]}},{"type":"Feature","properties":{"dma_code":553,"name":"Marquette, MI","latitude":46.8707415,"longitude":-87.8765355},"geometry":{"type":"MultiPolygon","coordinates":[[[[-89.1578,47.82424],[-89.23293,47.85405],[-89.18092,47.93604],[-88.42388,48.19191],[-88.6088,48.04286],[-89.1578,47.82424]]],[[[-85.8638,45.9685],[-85.91581,45.91882],[-86.27989,45.94117],[-86.35501,45.79212],[-86.58039,45.71262],[-86.60929,45.60083],[-86.71909,45.67784],[-86.6324,45.78218],[-86.55728,45.77224],[-86.53994,45.889],[-86.78266,45.85919],[-86.84045,45.72256],[-86.96758,45.66791],[-86.97336,45.91633],[-87.06005,45.70765],[-87.32588,45.55114],[-87.36633,45.98589],[-87.61482,45.98589],[-87.61482,45.89894],[-87.69573,45.89894],[-87.69573,45.72256],[-87.99623,45.7946],[-88.0598,45.71262],[-88.67815,45.72256],[-88.68393,46.01322],[-88.99021,46.09768],[-88.99021,46.33369],[-89.36584,46.33369],[-89.36584,46.5051],[-89.74148,46.5051],[-89.74148,46.59205],[-89.86283,46.59205],[-89.88595,46.76595],[-88.97288,47.00195],[-88.21583,47.44912],[-87.79975,47.47396],[-87.71307,47.40192],[-87.95578,47.38701],[-87.94422,47.33484],[-88.34875,47.07648],[-88.49322,46.75601],[-88.14649,46.96717],[-88.29096,46.8206],[-88.08292,46.91997],[-87.81709,46.89016],[-87.59171,46.78334],[-87.36055,46.5051],[-87.00804,46.53491],[-86.87512,46.43803],[-86.74798,46.48026],[-86.63818,46.4107],[-86.16431,46.66906],[-85.8638,46.69142],[-85.8638,45.9685]]],[[[-86.67286,46.45045],[-86.70753,46.54485],[-86.65552,46.55975],[-86.60929,46.47281],[-86.67286,46.45045]]]]}},{"type":"Feature","properties":{"dma_code":813,"name":"Medford-Klamath Falls, OR","latitude":42.3097025,"longitude":-121.9634415},"geometry":{"type":"Polygon","coordinates":[[[-124.21287,41.99865],[-124.35156,42.10299],[-124.41513,42.25205],[-124.40358,42.62717],[-124.56539,42.83585],[-124.4787,42.95509],[-124.21865,42.93273],[-124.14352,42.84827],[-124.13196,42.66692],[-123.77945,42.80107],[-123.46739,42.69921],[-122.79703,42.77871],[-122.56009,42.94019],[-122.2827,42.99732],[-122.2827,43.06688],[-122.07466,43.06688],[-121.97642,43.26066],[-122.14979,43.5215],[-122.00531,43.61591],[-119.896,43.61094],[-119.94223,42.74641],[-119.36434,42.7489],[-119.35856,41.99368],[-120.00002,41.99368],[-120.00002,41.18381],[-122.49652,41.18381],[-122.47919,41.32045],[-122.57165,41.36765],[-122.80281,41.20369],[-122.95884,41.18133],[-122.90105,41.01488],[-123.03974,41.00495],[-123.3807,41.15152],[-123.48472,41.37759],[-123.66387,41.38256],[-123.61186,41.46205],[-123.72166,41.5962],[-123.65809,41.71296],[-123.70432,41.82972],[-123.5194,42.00114],[-124.21287,41.99865]]]}},{"type":"Feature","properties":{"dma_code":640,"name":"Memphis, TN","latitude":35.1946395,"longitude":-89.757956},"geometry":{"type":"Polygon","coordinates":[[[-90.13444,34.16081],[-90.13444,34.07386],[-90.45229,34.07386],[-90.45229,33.98691],[-90.66033,33.98691],[-90.66033,34.11858],[-91.11686,34.11858],[-91.05907,34.33719],[-91.00128,34.33719],[-91.04752,34.73467],[-91.10531,34.73467],[-91.15154,34.91106],[-91.15154,35.00297],[-91.04752,35.00049],[-91.03596,35.7085],[-90.2847,35.70105],[-90.29047,35.99668],[-89.96108,35.99916],[-89.96108,36.38919],[-89.59122,36.4041],[-89.54499,36.33702],[-89.62012,36.32212],[-89.53343,36.25256],[-89.7068,36.23765],[-89.63168,36.18548],[-88.96132,36.22275],[-88.69549,36.06624],[-88.70704,35.79048],[-88.91509,35.79794],[-89.01911,35.67124],[-89.07112,35.6936],[-89.0769,35.43027],[-88.81684,35.42778],[-88.59724,35.59174],[-88.36609,35.49237],[-88.36609,34.99552],[-88.36609,34.75455],[-88.7186,34.75703],[-88.7186,34.59556],[-89.24449,34.59804],[-89.24449,34.16081],[-90.13444,34.16081]]]}},{"type":"Feature","properties":{"dma_code":711,"name":"Meridian, MS","latitude":32.3468715,"longitude":-88.5817905},"geometry":{"type":"Polygon","coordinates":[[[-88.47589,31.89268],[-88.90931,31.8256],[-88.91509,32.22309],[-89.32539,32.22309],[-89.31961,32.9311],[-88.34875,32.92862],[-88.34297,32.99072],[-88.1696,32.99569],[-88.21006,32.92365],[-88.18116,32.82925],[-88.06558,32.7895],[-88.11759,32.69758],[-88.04247,32.69013],[-88.0598,32.59573],[-87.92689,32.63299],[-87.8402,32.60566],[-87.89799,32.59821],[-87.84598,32.51871],[-88.03669,32.42431],[-88.04247,32.37463],[-87.97312,32.34482],[-87.92689,32.31004],[-87.92689,32.28768],[-88.01935,32.28519],[-88.04247,32.08397],[-88.11759,32.05416],[-88.07136,31.98957],[-88.12337,31.94733],[-88.05402,31.92249],[-88.18116,31.81815],[-88.0887,31.69891],[-88.46433,31.69891],[-88.47589,31.89268]]]}},{"type":"Feature","properties":{"dma_code":528,"name":"Miami-Fort Lauderdale, FL","latitude":25.439022,"longitude":-80.940626},"geometry":{"type":"MultiPolygon","coordinates":[[[[-80.12531,25.90064],[-80.12531,25.92052],[-80.13109,25.92797],[-80.31024,25.61495],[-80.31024,25.3715],[-80.42582,25.26467],[-80.41426,25.1976],[-80.35069,25.20257],[-80.36803,25.28206],[-80.25823,25.33423],[-80.38537,25.12059],[-80.44893,25.08581],[-80.49517,25.02122],[-80.56451,24.95662],[-80.58763,24.95166],[-80.38537,25.16779],[-80.45471,25.22492],[-80.43738,25.24231],[-80.49517,25.21499],[-80.45471,25.22244],[-80.43738,25.20008],[-80.42582,25.12804],[-80.51828,25.22244],[-80.67431,25.13798],[-81.14241,25.15785],[-81.14241,25.32678],[-81.11929,25.32678],[-81.0904,25.27709],[-81.06728,25.27709],[-81.06728,25.2597],[-81.07306,25.2597],[-81.06728,25.25474],[-81.02105,25.21996],[-80.99793,25.2125],[-80.90547,25.25225],[-81.14819,25.38889],[-81.08462,25.43112],[-81.21176,25.50813],[-81.15974,25.55782],[-81.22909,25.55782],[-81.28688,25.67954],[-81.18286,25.69693],[-81.26377,25.80127],[-81.29266,25.80376],[-80.8708,25.80624],[-80.88236,26.3329],[-80.0733,26.32048],[-80.12531,25.90064]],[[-81.11929,25.37646],[-81.11351,25.37646],[-81.11929,25.37895],[-81.11929,25.37646]]],[[[-80.12531,25.84599],[-80.12531,25.84102],[-80.11954,25.84351],[-80.12531,25.85096],[-80.13109,25.86338],[-80.14265,25.86338],[-80.12531,25.86835],[-80.12531,25.90064],[-80.11954,25.85096],[-80.13109,25.76401],[-80.14265,25.78885],[-80.13687,25.80873],[-80.14265,25.81121],[-80.13109,25.84102],[-80.12531,25.84599]]],[[[-80.13687,25.88325],[-80.13109,25.89567],[-80.13109,25.89071],[-80.13109,25.88077],[-80.13687,25.88325]]],[[[-80.13109,25.88077],[-80.13687,25.87083],[-80.14265,25.87332],[-80.14265,25.88325],[-80.13109,25.88077]]],[[[-80.14265,25.84847],[-80.14265,25.85841],[-80.12531,25.85344],[-80.14265,25.84847]]],[[[-80.15421,25.84351],[-80.15999,25.84351],[-80.15999,25.85593],[-80.15421,25.84351]]],[[[-80.12531,25.84599],[-80.13109,25.84599],[-80.13109,25.85096],[-80.12531,25.84599]]],[[[-80.15421,25.84351],[-80.15421,25.84847],[-80.14265,25.84847],[-80.14843,25.84351],[-80.15421,25.84351]]],[[[-80.14843,25.80376],[-80.14265,25.80624],[-80.14265,25.80376],[-80.14843,25.80376]]],[[[-81.34467,25.80376],[-81.30422,25.80376],[-81.32733,25.78388],[-81.34467,25.80376]]],[[[-80.14843,25.80376],[-80.14265,25.80376],[-80.14265,25.80127],[-80.14843,25.80127],[-80.14843,25.80376]]],[[[-81.29844,25.69693],[-81.34467,25.72178],[-81.36779,25.77891],[-81.31,25.78388],[-81.29844,25.80127],[-81.2811,25.7963],[-81.29844,25.69693]]],[[[-80.14265,25.80127],[-80.14265,25.79879],[-80.14843,25.79879],[-80.14265,25.80127]]],[[[-80.16577,25.78885],[-80.16577,25.79382],[-80.15999,25.78885],[-80.16577,25.78885]]],[[[-80.17155,25.78885],[-80.17732,25.78885],[-80.17155,25.79134],[-80.17155,25.78885]]],[[[-80.17155,25.79134],[-80.16577,25.79134],[-80.17155,25.78885],[-80.17155,25.79134]]],[[[-80.15421,25.7814],[-80.16577,25.78388],[-80.16577,25.78637],[-80.15421,25.7814]]],[[[-80.15999,25.77643],[-80.16577,25.77891],[-80.16577,25.7814],[-80.15421,25.77891],[-80.15999,25.77643]]],[[[-80.16577,25.76649],[-80.17732,25.77395],[-80.1831,25.77891],[-80.15999,25.77146],[-80.16577,25.76649]]],[[[-80.15421,25.7814],[-80.14843,25.7814],[-80.14843,25.77395],[-80.15421,25.7814]]],[[[-81.26954,25.7491],[-81.2811,25.76401],[-81.27532,25.77643],[-81.25799,25.75407],[-81.26954,25.7491]]],[[[-80.1831,25.76401],[-80.18888,25.76898],[-80.1831,25.76898],[-80.1831,25.76401]]],[[[-80.14265,25.75656],[-80.14843,25.76401],[-80.13109,25.76152],[-80.14265,25.75656]]],[[[-80.16577,25.73171],[-80.1831,25.74662],[-80.14265,25.7491],[-80.15999,25.73171],[-80.16577,25.73171]]],[[[-81.27532,25.69693],[-81.28688,25.72675],[-81.25221,25.74662],[-81.25221,25.72426],[-81.24065,25.71432],[-81.27532,25.69693]]],[[[-81.23487,25.71681],[-81.25221,25.72675],[-81.24643,25.74165],[-81.22909,25.72675],[-81.23487,25.71681]]],[[[-81.22909,25.72426],[-81.22331,25.73171],[-81.21176,25.72675],[-81.22909,25.72426]]],[[[-80.15999,25.66464],[-80.17732,25.687],[-80.15421,25.72923],[-80.14843,25.72178],[-80.15999,25.66464]]],[[[-80.17732,25.49322],[-80.18888,25.50565],[-80.17732,25.51807],[-80.17732,25.51558],[-80.17732,25.49322]]],[[[-80.17732,25.49322],[-80.20044,25.41621],[-80.22934,25.39137],[-80.20622,25.41621],[-80.17732,25.49322]]],[[[-80.25245,25.36901],[-80.25245,25.38143],[-80.24089,25.3864],[-80.24089,25.38143],[-80.25245,25.36901]]],[[[-80.24089,25.34914],[-80.25823,25.36404],[-80.22934,25.3864],[-80.22934,25.38392],[-80.24089,25.34914]]],[[[-81.11351,25.31933],[-81.11929,25.33175],[-81.12507,25.33175],[-81.15397,25.32429],[-81.13663,25.34417],[-81.10196,25.32678],[-81.11351,25.31933]]],[[[-80.99793,25.21499],[-81.00371,25.22989],[-81.04417,25.23983],[-80.99793,25.28206],[-80.99793,25.21499]]],[[[-81.04994,25.24231],[-81.06728,25.25722],[-81.03261,25.26964],[-81.03261,25.25225],[-81.04994,25.24231]]],[[[-80.61075,24.93923],[-80.61075,24.95166],[-80.59341,24.95911],[-80.58763,24.94917],[-80.61075,24.93923]]],[[[-80.61075,24.93923],[-80.63386,24.91439],[-80.65698,24.897],[-80.6223,24.9442],[-80.61075,24.93923]]],[[[-80.66853,24.89452],[-80.67431,24.89203],[-80.68009,24.88706],[-80.68009,24.88955],[-80.66853,24.89452]]],[[[-80.74944,24.84483],[-80.7321,24.86719],[-80.69165,24.88458],[-80.70321,24.86719],[-80.74944,24.84483]]],[[[-80.84768,24.8026],[-80.79567,24.84483],[-80.77833,24.83986],[-80.79567,24.81254],[-80.84768,24.8026]]],[[[-80.761,24.8349],[-80.76678,24.83738],[-80.75522,24.84235],[-80.761,24.8349]]],[[[-80.90547,24.78273],[-80.89391,24.79266],[-80.88236,24.79018],[-80.89391,24.78273],[-80.90547,24.78273]]],[[[-80.91125,24.76534],[-80.92281,24.76534],[-80.91703,24.78024],[-80.90547,24.7703],[-80.91125,24.76534]]],[[[-80.9806,24.74049],[-80.97482,24.7554],[-80.92281,24.77776],[-80.97482,24.74795],[-80.9806,24.74049]]],[[[-80.99216,24.73801],[-80.98638,24.75291],[-80.98638,24.76037],[-80.9806,24.74546],[-80.99216,24.73801]]],[[[-81.02683,24.72559],[-81.02683,24.73056],[-80.99216,24.74795],[-80.99216,24.73553],[-81.01527,24.73304],[-81.02683,24.72559]]],[[[-81.42558,24.68832],[-81.45447,24.7231],[-81.45447,24.74546],[-81.4198,24.70075],[-81.42558,24.68832]]],[[[-81.36201,24.63119],[-81.36779,24.63367],[-81.35045,24.63864],[-81.35623,24.64361],[-81.33889,24.64112],[-81.33889,24.65354],[-81.37357,24.65106],[-81.39668,24.74546],[-81.32733,24.64609],[-81.36201,24.63119]]],[[[-81.07884,24.68832],[-81.0904,24.70323],[-81.08462,24.71317],[-81.10773,24.70323],[-81.12507,24.7082],[-81.02683,24.73553],[-81.07884,24.68832]]],[[[-81.00949,24.7231],[-81.01527,24.73056],[-80.99216,24.73304],[-81.00949,24.7231]]],[[[-81.02683,24.72559],[-81.00949,24.72062],[-81.02105,24.71565],[-81.02683,24.72559]]],[[[-81.31578,24.67342],[-81.32156,24.69081],[-81.34467,24.70571],[-81.32156,24.70075],[-81.31578,24.67342]]],[[[-81.39668,24.65603],[-81.4198,24.68087],[-81.41402,24.68336],[-81.4198,24.70571],[-81.39668,24.65603]]],[[[-81.10773,24.68832],[-81.11351,24.70075],[-81.08462,24.69578],[-81.09618,24.68832],[-81.10773,24.68832]]],[[[-81.47759,24.64361],[-81.52382,24.67093],[-81.50648,24.70075],[-81.46603,24.66348],[-81.47759,24.64361]]],[[[-81.57005,24.60386],[-81.55271,24.6287],[-81.58161,24.65106],[-81.58161,24.67093],[-81.57005,24.64609],[-81.51804,24.6287],[-81.55849,24.69329],[-81.50648,24.64361],[-81.51804,24.61876],[-81.57005,24.60386]]],[[[-81.39668,24.65603],[-81.39668,24.69081],[-81.38512,24.67342],[-81.3909,24.65106],[-81.39668,24.65603]]],[[[-81.44291,24.64361],[-81.46603,24.67093],[-81.44291,24.68584],[-81.43713,24.65106],[-81.44291,24.64361]]],[[[-81.2811,24.65354],[-81.25799,24.6759],[-81.25221,24.67342],[-81.25221,24.66597],[-81.2811,24.65354]]],[[[-81.40824,24.64361],[-81.42558,24.64609],[-81.4198,24.67093],[-81.40246,24.66348],[-81.40824,24.64361]]],[[[-81.31578,24.64609],[-81.32156,24.64858],[-81.29844,24.65603],[-81.31578,24.64609]]],[[[-81.59317,24.61628],[-81.62784,24.63119],[-81.58739,24.65603],[-81.59317,24.64361],[-81.59317,24.61628]]],[[[-81.55271,24.65106],[-81.55849,24.65106],[-81.54116,24.65354],[-81.55271,24.65106]]],[[[-81.57583,24.63367],[-81.58739,24.63367],[-81.58161,24.64112],[-81.57583,24.64112],[-81.57583,24.63367]]],[[[-81.6105,24.58647],[-81.59317,24.59641],[-81.58739,24.61628],[-81.57005,24.60137],[-81.6105,24.58647]]],[[[-81.70874,24.55666],[-81.70297,24.60386],[-81.65095,24.6138],[-81.64518,24.58399],[-81.70874,24.55666]]],[[[-81.62206,24.5815],[-81.63362,24.59144],[-81.61628,24.60137],[-81.59894,24.59889],[-81.62206,24.5815]]],[[[-81.79543,24.5666],[-81.80121,24.57156],[-81.79543,24.59392],[-81.79543,24.58647],[-81.79543,24.5666]]],[[[-81.73186,24.55666],[-81.74342,24.55914],[-81.7492,24.58895],[-81.7203,24.57653],[-81.73186,24.55666]]],[[[-81.80699,24.54424],[-81.77231,24.58399],[-81.7492,24.57156],[-81.75498,24.55169],[-81.80699,24.54424]]]]}},{"type":"Feature","properties":{"dma_code":617,"name":"Milwaukee, WI","latitude":43.1921015,"longitude":-88.358241},"geometry":{"type":"Polygon","coordinates":[[[-88.40076,43.63081],[-88.40076,43.54386],[-88.16382,43.54386],[-88.16382,43.89166],[-87.7304,43.89166],[-87.70151,43.68547],[-87.90955,43.25072],[-87.89221,43.00975],[-87.7593,42.78119],[-87.79975,42.49302],[-88.77639,42.49302],[-88.77639,42.8433],[-89.01333,42.84827],[-89.00755,43.6333],[-88.40076,43.63081]]]}},{"type":"Feature","properties":{"dma_code":613,"name":"Minneapolis-St. Paul, MN","latitude":46.0197555,"longitude":-94.199023},"geometry":{"type":"Polygon","coordinates":[[[-95.45685,43.50163],[-95.46263,44.19474],[-96.08098,44.19722],[-96.09253,44.62948],[-96.45083,44.63197],[-96.45083,45.30023],[-96.69354,45.41699],[-96.85535,45.6058],[-96.58374,45.81945],[-96.57796,46.02067],[-96.2659,46.02067],[-96.2659,46.10762],[-95.14479,46.10762],[-95.19102,47.87144],[-95.2777,47.92113],[-95.23147,48.0205],[-95.58977,48.0205],[-95.60132,48.53971],[-95.21413,48.53971],[-95.20836,48.36581],[-94.4282,48.3683],[-94.41664,47.44415],[-94.09302,47.47893],[-94.02945,47.35223],[-93.77518,47.30255],[-93.80985,46.24922],[-93.42844,46.24674],[-93.43422,46.15482],[-93.05281,46.1573],[-93.05281,46.41815],[-92.28999,46.41815],[-92.29577,46.1573],[-92.04727,46.1573],[-92.02994,45.64058],[-91.53873,45.63809],[-91.54451,45.20583],[-91.66586,45.20832],[-91.64853,44.59719],[-92.02416,44.58974],[-92.08195,44.42826],[-91.92592,44.33386],[-91.85657,44.19225],[-92.30155,44.10779],[-92.31888,44.19474],[-93.04703,44.19722],[-93.04703,43.84943],[-93.64804,43.84694],[-93.64804,43.49915],[-94.24905,43.49915],[-94.24905,43.84694],[-93.7694,43.84694],[-93.7694,44.23946],[-94.12769,44.26927],[-94.12769,44.1848],[-94.2086,44.19971],[-94.8674,44.49782],[-94.8674,44.28169],[-95.11011,44.28169],[-95.09856,44.10779],[-94.86162,44.10779],[-94.85584,43.50163],[-94.91363,43.50163],[-95.45685,43.50163]]]}},{"type":"Feature","properties":{"dma_code":687,"name":"Minot-Bismarck-Dickinson(Williston), ND","latitude":46.8731805,"longitude":-102.71806},"geometry":{"type":"Polygon","coordinates":[[[-99.71593,45.94117],[-99.71593,45.59338],[-100.43252,45.59586],[-100.47875,45.5263],[-100.27649,45.38222],[-100.3285,45.08659],[-100.27649,45.022],[-100.4094,45.01206],[-100.39785,44.86549],[-100.5481,44.76115],[-100.69835,44.82823],[-100.73302,44.76363],[-101.13755,44.74624],[-101.13755,44.99467],[-101.50162,44.99467],[-101.47273,45.47165],[-101.99861,45.47165],[-101.99861,45.03939],[-102.95792,45.03939],[-102.94058,45.94614],[-104.04436,45.94614],[-104.04436,46.64174],[-104.60492,46.68397],[-104.60492,46.86035],[-104.43155,46.89016],[-104.30441,47.0417],[-104.33909,47.24541],[-104.44889,47.31745],[-104.41999,47.35472],[-104.51245,47.35472],[-104.51245,47.52862],[-104.59336,47.52862],[-104.59336,47.61557],[-104.98055,47.61557],[-104.98055,47.70251],[-105.23482,47.70251],[-105.23482,47.79195],[-105.36196,47.78946],[-105.40819,47.18082],[-105.83583,47.18082],[-105.83005,47.09387],[-105.96297,47.09387],[-105.96297,47.18082],[-106.17101,47.18082],[-106.17101,47.35472],[-106.29815,47.35472],[-106.26347,47.86896],[-106.35594,47.86896],[-106.43106,48.0205],[-106.39639,48.06522],[-105.84161,48.01056],[-105.80694,48.56455],[-106.02076,48.56207],[-106.02076,48.82292],[-106.15367,48.82292],[-106.11322,48.9993],[-99.52523,48.9993],[-99.49055,48.37078],[-99.84885,48.37078],[-99.84885,48.0205],[-99.81417,47.8466],[-99.29985,47.8466],[-99.26517,47.32739],[-99.47899,47.32739],[-99.4501,46.6318],[-99.03402,46.62931],[-99.00512,45.94117],[-99.71593,45.94117]]]}},{"type":"Feature","properties":{"dma_code":762,"name":"Missoula, MT","latitude":47.229117,"longitude":-114.464452},"geometry":{"type":"Polygon","coordinates":[[[-114.60249,46.63677],[-114.66606,46.73862],[-114.77008,46.69639],[-114.78741,46.78085],[-114.89721,46.80321],[-114.92611,46.91749],[-115.31908,47.25783],[-115.75828,47.42179],[-115.63114,47.47893],[-115.75828,47.54849],[-115.68893,47.59569],[-115.7236,47.69755],[-116.04722,47.97578],[-116.04722,48.21427],[-115.95476,48.14968],[-115.73516,48.26396],[-115.54446,47.92113],[-115.18616,47.91865],[-115.15727,48.01802],[-115.01279,48.01553],[-115.01857,48.22669],[-114.8452,48.22669],[-114.89144,48.65895],[-114.63716,48.65895],[-114.68917,48.70864],[-114.61405,48.75087],[-114.7354,48.81049],[-114.68339,48.97446],[-114.7354,48.99681],[-114.07083,48.9993],[-114.00148,48.83285],[-113.75876,48.81795],[-113.70097,48.71609],[-113.75298,48.61424],[-113.47559,48.55213],[-113.48137,48.45276],[-113.35424,48.42295],[-113.38891,48.34097],[-113.23866,48.24657],[-113.23288,48.16956],[-113.00172,48.12981],[-112.88036,47.97827],[-113.0884,47.91865],[-113.05951,47.78946],[-113.16353,47.72984],[-113.14619,47.59569],[-113.46404,47.60066],[-113.46404,47.17834],[-113.30223,47.17834],[-113.29067,46.8057],[-113.03639,46.73614],[-113.03639,46.2219],[-113.28489,46.2219],[-113.28489,46.03806],[-113.59117,45.84926],[-113.89746,45.76976],[-113.90901,45.69772],[-114.01304,45.69523],[-114.33088,45.45923],[-114.45801,45.56108],[-114.56204,45.5586],[-114.49847,45.70268],[-114.56781,45.77473],[-114.38867,45.889],[-114.51002,46.03061],[-114.45801,46.0952],[-114.52736,46.14488],[-114.47535,46.15979],[-114.3251,46.65416],[-114.60249,46.63677]]]}},{"type":"Feature","properties":{"dma_code":686,"name":"Mobile, AL-Pensacola (Ft. Walton Beach), FL","latitude":31.1061175,"longitude":-87.6151775},"geometry":{"type":"MultiPolygon","coordinates":[[[[-88.39498,30.38722],[-88.42388,30.99835],[-88.83996,30.99835],[-88.83996,31.43309],[-88.44699,31.43558],[-88.46433,31.69891],[-88.0887,31.69891],[-88.18116,31.81815],[-88.05402,31.92249],[-88.12337,31.94733],[-88.07136,31.98957],[-87.66683,31.99205],[-87.6206,31.82809],[-86.90401,31.83057],[-86.86356,31.54737],[-86.70175,31.52501],[-86.66708,31.41819],[-86.70175,31.00083],[-86.38969,30.99338],[-86.39547,30.45429],[-86.49949,30.52137],[-86.49371,30.46175],[-86.63818,30.43193],[-86.60351,30.40212],[-86.77688,30.40958],[-86.95025,30.39467],[-87.1814,30.3425],[-86.87512,30.43939],[-87.01959,30.50398],[-86.9907,30.57851],[-87.09472,30.43939],[-87.1005,30.51888],[-87.18718,30.58347],[-87.17562,30.42697],[-87.35477,30.35989],[-87.26809,30.3748],[-87.26809,30.34499],[-87.401,30.31021],[-87.4299,30.31517],[-87.49925,30.31269],[-87.33743,30.42945],[-87.41256,30.45678],[-87.43568,30.47914],[-87.4299,30.48907],[-87.4299,30.49901],[-87.43568,30.49901],[-87.43568,30.47417],[-87.41834,30.45429],[-87.38945,30.44684],[-87.401,30.42448],[-87.55126,30.27543],[-87.79975,30.23071],[-88.02513,30.22077],[-87.75352,30.28288],[-87.90955,30.41206],[-87.99623,30.77725],[-88.11181,30.36486],[-88.19272,30.31766],[-88.18694,30.36486],[-88.39498,30.38722]]],[[[-86.39547,30.37977],[-86.50527,30.38225],[-86.51682,30.39716],[-86.43592,30.40958],[-86.39547,30.37977]]],[[[-87.26809,30.31517],[-87.30276,30.33008],[-87.2103,30.32263],[-87.15251,30.34499],[-86.72487,30.40212],[-86.59773,30.40212],[-86.51682,30.38722],[-87.26809,30.31517]]],[[[-87.54548,30.27543],[-87.54548,30.28039],[-87.53392,30.28039],[-87.45301,30.2953],[-87.43568,30.31269],[-87.40678,30.30027],[-87.31432,30.3276],[-87.3201,30.31766],[-87.54548,30.27543]]],[[[-87.5397,30.28039],[-87.50502,30.30027],[-87.45879,30.30524],[-87.48769,30.29282],[-87.5397,30.28039]]],[[[-88.30252,30.22823],[-88.11759,30.26549],[-88.07714,30.2481],[-88.19272,30.2481],[-88.30252,30.22823]]]]}},{"type":"Feature","properties":{"dma_code":628,"name":"Monroe, LA-El Dorado, AR","latitude":32.1842885,"longitude":-91.9321725},"geometry":{"type":"Polygon","coordinates":[[[-92.38245,31.61941],[-92.36512,31.79579],[-92.61939,31.79828],[-92.61939,31.70884],[-92.97768,31.71133],[-92.87366,31.94485],[-92.93723,32.14856],[-92.81587,32.14607],[-92.77542,32.23551],[-92.77542,32.45412],[-92.87944,32.45412],[-92.87944,32.60069],[-92.82743,32.75969],[-92.72341,32.75969],[-92.72341,33.00066],[-92.98924,33.01805],[-92.97768,33.37827],[-92.55004,33.36585],[-92.44602,33.27393],[-92.22642,33.25405],[-92.16285,33.16214],[-91.97793,33.30126],[-91.98948,33.39814],[-91.45782,33.3882],[-91.45782,33.00563],[-91.16887,33.00314],[-91.16887,32.89881],[-91.1342,32.98079],[-91.08219,32.9634],[-91.1631,32.75223],[-91.0533,32.71994],[-91.15154,32.62554],[-91.01284,32.64044],[-91.08219,32.55598],[-90.98973,32.49387],[-91.09375,32.54852],[-91.11686,32.48393],[-90.97239,32.43922],[-90.99551,32.35475],[-90.87415,32.37214],[-90.99551,32.19328],[-91.04174,32.24296],[-91.1631,32.19576],[-91.1631,32.13365],[-91.00128,32.14607],[-91.08219,32.0467],[-91.15732,32.07403],[-91.07641,32.01689],[-91.18621,31.96224],[-91.25556,31.81318],[-91.34224,31.84548],[-91.36536,31.76101],[-91.26712,31.75108],[-91.37114,31.74611],[-91.40003,31.61941],[-91.51561,31.62935],[-91.40581,31.5896],[-91.52139,31.52253],[-91.46938,31.37595],[-91.5734,31.41073],[-91.51561,31.27907],[-91.65431,31.25422],[-91.56184,31.03809],[-91.66008,30.97102],[-91.64853,31.03561],[-91.72365,31.04306],[-91.68898,31.19957],[-91.90858,31.29646],[-91.98948,31.22441],[-92.02416,31.28155],[-92.38245,31.61941]]]}},{"type":"Feature","properties":{"dma_code":828,"name":"Monterey-Salinas, CA","latitude":36.537526,"longitude":-121.265832},"geometry":{"type":"MultiPolygon","coordinates":[[[[-121.34651,35.79545],[-121.67591,36.16312],[-121.90129,36.30721],[-121.97642,36.58048],[-121.81461,36.68233],[-121.78571,36.80406],[-121.86084,36.93324],[-122.15557,36.97548],[-122.31738,37.18664],[-122.15557,37.21645],[-122.15557,37.27607],[-122.14979,37.28601],[-121.57767,36.8935],[-121.49099,36.98293],[-121.2136,36.96057],[-121.14425,36.83636],[-120.59525,36.48856],[-120.67038,36.13828],[-120.26585,35.89731],[-120.21384,35.79048],[-121.34651,35.79545]]]]}},{"type":"Feature","properties":{"dma_code":698,"name":"Montgomery-Selma, AL","latitude":32.0506805,"longitude":-86.7675715},"geometry":{"type":"Polygon","coordinates":[[[-86.70175,31.00083],[-86.66708,31.41819],[-86.70175,31.52501],[-86.86356,31.54737],[-86.90401,31.83057],[-87.6206,31.82809],[-87.66683,31.99205],[-88.10603,31.9995],[-88.01935,32.28519],[-87.92689,32.28768],[-88.03669,32.43176],[-87.84598,32.54604],[-87.52236,32.48145],[-87.41834,32.87396],[-87.01959,32.8367],[-87.01959,32.6628],[-86.71331,32.6628],[-86.37235,32.75223],[-86.51682,32.9311],[-86.49371,33.10251],[-85.59219,33.10748],[-85.59219,32.72739],[-85.69622,32.69758],[-85.69622,32.58082],[-85.43616,32.49636],[-85.43038,32.01441],[-85.59219,31.99453],[-85.74245,31.61941],[-86.14697,31.61693],[-86.18743,30.99338],[-86.70175,31.00083]]]}},{"type":"Feature","properties":{"dma_code":570,"name":"Myrtle Beach-Florence, SC","latitude":34.2987775,"longitude":-79.419767},"geometry":{"type":"MultiPolygon","coordinates":[[[[-79.35094,34.83901],[-79.18913,34.83404],[-79.03309,34.95329],[-78.92907,34.89118],[-78.80772,34.68996],[-78.84239,34.50861],[-79.07355,34.29993],[-78.55344,33.86021],[-79.0042,33.57204],[-79.10244,33.57204],[-79.35094,33.8155],[-79.49541,33.77575],[-79.94617,33.88506],[-79.97506,33.94716],[-79.89416,33.9894],[-80.14843,34.14342],[-80.11376,34.22788],[-80.17732,34.367],[-80.28712,34.36452],[-79.83059,34.53096],[-79.77858,34.61543],[-79.93461,34.80423],[-79.61677,34.81417],[-79.51275,35.02533],[-79.36249,34.95826],[-79.35094,34.83901]]]]}},{"type":"Feature","properties":{"dma_code":659,"name":"Nashville, TN","latitude":36.07259,"longitude":-86.631128},"geometry":{"type":"Polygon","coordinates":[[[-87.67839,37.14938],[-87.52236,37.10466],[-87.33166,37.15683],[-87.25075,37.04007],[-86.84622,37.05746],[-86.67286,37.00032],[-86.58039,36.83139],[-86.40703,36.77674],[-86.19898,36.93573],[-86.06607,36.90095],[-86.07185,36.80903],[-85.97938,36.72208],[-85.77134,36.83636],[-85.61531,36.83387],[-85.47084,36.7345],[-85.43616,36.61774],[-85.29747,36.6252],[-85.2339,36.88604],[-85.06631,36.85872],[-84.99696,36.6252],[-84.78314,36.60284],[-84.73113,36.52583],[-85.04897,36.55315],[-85.11832,36.40658],[-85.10098,36.13828],[-85.24546,36.10102],[-85.26279,35.72093],[-85.4246,35.5669],[-85.88692,35.51722],[-85.8638,34.98807],[-86.32034,34.99055],[-86.38969,35.23649],[-86.58039,35.37064],[-86.82889,35.26382],[-86.83467,34.99055],[-87.60327,35.00297],[-87.57437,35.40542],[-87.74774,35.49237],[-88.1985,35.38058],[-88.25051,35.42281],[-88.18116,35.75074],[-88.21006,36.14573],[-88.5279,36.1507],[-88.51634,36.50098],[-88.05402,36.49601],[-88.15804,36.86617],[-87.76508,36.97548],[-87.67839,37.14938]]]}},{"type":"Feature","properties":{"dma_code":622,"name":"New Orleans, LA","latitude":29.9723295,"longitude":-90.0824885},"geometry":{"type":"MultiPolygon","coordinates":[[[[-91.08219,29.62703],[-90.88571,29.87794],[-90.96083,30.06675],[-90.40027,30.28536],[-90.56786,30.48659],[-90.56786,31.00083],[-89.34851,31.01077],[-89.34273,30.37231],[-89.33117,30.30275],[-89.45831,30.17606],[-89.53921,30.19593],[-89.66057,30.16115],[-89.71836,30.027],[-89.85705,30.00464],[-89.65479,29.86304],[-89.49298,30.06923],[-89.42941,30.05184],[-89.45831,29.9947],[-89.33695,29.88788],[-89.41785,29.81832],[-89.27338,29.7587],[-89.46986,29.78354],[-89.49298,29.75125],[-89.42363,29.70156],[-89.42941,29.67672],[-89.65479,29.74876],[-89.64323,29.70901],[-89.597,29.70405],[-89.597,29.68417],[-89.55077,29.6792],[-89.55077,29.66181],[-89.52765,29.6643],[-89.4872,29.62207],[-89.63745,29.68169],[-89.71836,29.59722],[-89.52188,29.4581],[-89.56233,29.39351],[-89.2676,29.34631],[-89.26182,29.20223],[-89.35429,29.28669],[-89.34273,29.19726],[-89.35429,29.16745],[-89.42941,29.1426],[-89.63745,29.32395],[-89.82816,29.31153],[-89.77615,29.40097],[-89.83394,29.39351],[-89.83394,29.47549],[-89.97841,29.45562],[-90.1749,29.57735],[-90.23269,29.50034],[-90.05932,29.45314],[-90.0362,29.30656],[-90.14022,29.31899],[-90.04776,29.19477],[-90.22113,29.08547],[-90.27314,29.1426],[-90.23846,29.23452],[-90.34826,29.27675],[-90.33093,29.29663],[-90.33671,29.29663],[-90.33093,29.30905],[-90.34826,29.34134],[-90.33671,29.30905],[-90.38294,29.2544],[-90.42917,29.34631],[-90.4754,29.27924],[-90.60832,29.31402],[-90.55053,29.20223],[-90.6141,29.24943],[-90.60254,29.22458],[-90.59676,29.2221],[-90.59098,29.20719],[-90.63143,29.24446],[-90.66033,29.23701],[-90.695,29.12025],[-90.85681,29.08795],[-90.95505,29.17738],[-91.27867,29.24694],[-91.34802,29.3165],[-91.23244,29.37364],[-91.16887,29.26682],[-91.11686,29.25688],[-91.26712,29.53263],[-91.08219,29.62703]]],[[[-89.59122,30.15121],[-89.62012,30.16363],[-89.53343,30.19096],[-89.53343,30.17606],[-89.59122,30.15121]]],[[[-88.88041,29.87298],[-88.89775,29.8854],[-88.88041,29.89782],[-88.86885,29.8854],[-88.88041,29.87298]]],[[[-88.90353,29.87794],[-88.89775,29.88291],[-88.89197,29.87794],[-88.89775,29.88043],[-88.90353,29.87794]]],[[[-88.91509,29.86304],[-88.92087,29.86304],[-88.90931,29.87298],[-88.90353,29.86552],[-88.91509,29.86304]]],[[[-88.86885,29.75373],[-88.86308,29.77857],[-88.85152,29.77609],[-88.86885,29.75373]]],[[[-89.42363,29.72889],[-89.44097,29.74131],[-89.44675,29.74876],[-89.43519,29.75373],[-89.42363,29.72889]]],[[[-88.89197,29.72144],[-88.88619,29.72889],[-88.87463,29.74876],[-88.86885,29.74628],[-88.89197,29.72144]]],[[[-90.08821,29.46556],[-90.12866,29.49288],[-90.11711,29.50779],[-90.04776,29.49785],[-90.08821,29.46556]]],[[[-90.00153,29.42829],[-90.00153,29.44568],[-90.05932,29.47798],[-90.00153,29.45562],[-90.00153,29.42829]]],[[[-89.23293,29.2544],[-89.24449,29.30905],[-89.19825,29.35128],[-89.19248,29.30408],[-89.23293,29.2544]]],[[[-89.25604,29.19974],[-89.1867,29.3016],[-89.18092,29.32892],[-89.13469,29.28917],[-89.25604,29.19974]]],[[[-89.19248,29.21713],[-89.19825,29.2221],[-89.13469,29.28172],[-89.12313,29.25191],[-89.1578,29.24446],[-89.19248,29.21713]]],[[[-89.27338,29.12273],[-89.33695,29.1898],[-89.34851,29.2693],[-89.2965,29.2221],[-89.27338,29.12273]]],[[[-90.04198,29.19974],[-90.00731,29.23949],[-89.94952,29.26433],[-89.9553,29.2544],[-90.04198,29.19974]]],[[[-89.14624,29.22955],[-89.16936,29.23204],[-89.12313,29.24197],[-89.12313,29.23452],[-89.13469,29.23204],[-89.14624,29.22955]]],[[[-89.20981,29.14757],[-89.26182,29.19229],[-89.17514,29.21216],[-89.17514,29.22707],[-89.15202,29.2221],[-89.14047,29.23204],[-89.12313,29.23204],[-89.20981,29.14757]]],[[[-89.11735,29.20471],[-89.12891,29.20719],[-89.11735,29.20968],[-89.12891,29.20968],[-89.11735,29.21216],[-89.11735,29.20471]]],[[[-89.048,29.20223],[-89.04222,29.21216],[-89.03644,29.20719],[-89.04222,29.20471],[-89.048,29.20223]]],[[[-89.01911,29.19974],[-89.02489,29.19229],[-89.03067,29.19726],[-89.03644,29.19477],[-89.03067,29.19974],[-89.02489,29.19477],[-89.01911,29.19974]]],[[[-89.02489,29.18732],[-89.01911,29.19974],[-89.02489,29.1898],[-89.01911,29.18484],[-89.02489,29.18732]]],[[[-89.08845,29.18732],[-89.07112,29.19477],[-89.048,29.19974],[-89.08845,29.18732]]],[[[-89.02489,29.18732],[-89.048,29.19229],[-89.04222,29.19726],[-89.04222,29.19229],[-89.02489,29.18732]]],[[[-89.00755,29.18235],[-89.01333,29.18235],[-89.01333,29.19229],[-89.00755,29.18732],[-89.00755,29.18235]]],[[[-89.05378,29.17241],[-89.06534,29.18732],[-89.05378,29.17987],[-89.05956,29.18732],[-89.02489,29.17987],[-89.01911,29.1749],[-89.05378,29.17241]]],[[[-89.08268,29.14757],[-89.11157,29.17241],[-89.07112,29.18484],[-89.09423,29.1749],[-89.08268,29.14757]]],[[[-89.14047,29.1749],[-89.14047,29.17987],[-89.13469,29.17987],[-89.13469,29.17738],[-89.14047,29.1749]]],[[[-89.14047,29.17241],[-89.12891,29.17738],[-89.12313,29.17738],[-89.14047,29.17241]]],[[[-89.02489,29.16745],[-89.03644,29.17241],[-89.01333,29.17241],[-89.02489,29.16745]]],[[[-89.11735,29.15006],[-89.13469,29.16745],[-89.11157,29.1749],[-89.12891,29.16496],[-89.11735,29.15006]]],[[[-89.05378,29.17241],[-89.048,29.15751],[-89.06534,29.16248],[-89.05956,29.16993],[-89.05378,29.17241]]],[[[-89.16358,29.15751],[-89.14047,29.16745],[-89.14047,29.16496],[-89.15202,29.15254],[-89.16358,29.15751]]],[[[-89.13469,29.14757],[-89.14624,29.15254],[-89.14624,29.15999],[-89.13469,29.15999],[-89.13469,29.14757]]],[[[-89.16358,29.15751],[-89.15202,29.14509],[-89.17514,29.15254],[-89.18092,29.14757],[-89.16358,29.15751]]],[[[-89.13469,29.14757],[-89.12891,29.15751],[-89.11735,29.14509],[-89.11157,29.15006],[-89.11735,29.1426],[-89.13469,29.14757]]],[[[-89.08268,29.14757],[-89.0769,29.14757],[-89.0769,29.14509],[-89.0769,29.13018],[-89.08268,29.14757]]],[[[-89.1578,29.1426],[-89.16358,29.14757],[-89.1578,29.14509],[-89.1578,29.1426]]],[[[-89.24449,29.13515],[-89.25027,29.14509],[-89.21559,29.13763],[-89.23871,29.1277],[-89.23293,29.10286],[-89.17514,29.02833],[-89.23293,29.10534],[-89.24449,29.13515]]],[[[-89.14047,29.13515],[-89.14624,29.14509],[-89.14047,29.1426],[-89.14047,29.13515]]],[[[-89.04222,29.13515],[-89.03067,29.1426],[-89.02489,29.13763],[-89.04222,29.13515]]],[[[-89.27916,29.08795],[-89.25027,29.1426],[-89.24449,29.13515],[-89.24449,29.12273],[-89.22715,29.09043],[-89.25604,29.13267],[-89.2676,29.08298],[-89.27916,29.08795]]],[[[-89.21559,29.13763],[-89.20403,29.1426],[-89.20981,29.13018],[-89.21559,29.13515],[-89.21559,29.13763]]],[[[-89.20403,29.1426],[-89.19248,29.14012],[-89.20403,29.13515],[-89.19825,29.13763],[-89.20403,29.1426]]],[[[-89.08845,29.1277],[-89.11157,29.13267],[-89.14047,29.13515],[-89.11735,29.14012],[-89.08845,29.1277]]],[[[-89.16358,29.10286],[-89.1867,29.11776],[-89.19248,29.13515],[-89.20403,29.13018],[-89.1867,29.14012],[-89.16936,29.14012],[-89.18092,29.13018],[-89.16358,29.10286]]],[[[-89.12891,29.13018],[-89.14624,29.13018],[-89.14624,29.13763],[-89.12891,29.13018]]],[[[-89.05956,29.12273],[-89.048,29.13018],[-89.03067,29.13515],[-89.048,29.12025],[-89.05956,29.12273]]],[[[-90.38294,29.10286],[-90.40027,29.10534],[-90.40027,29.10782],[-90.33671,29.12521],[-90.38294,29.10286]]],[[[-89.06534,29.12273],[-89.05956,29.1277],[-89.048,29.13267],[-89.05378,29.13018],[-89.06534,29.12273]]],[[[-89.0769,29.10782],[-89.09423,29.12025],[-89.11735,29.13267],[-89.08268,29.12273],[-89.0769,29.10782]]],[[[-89.12891,29.13018],[-89.12313,29.13018],[-89.11157,29.12025],[-89.12891,29.13018]]],[[[-89.08845,29.1277],[-89.08845,29.13018],[-89.0769,29.13018],[-89.0769,29.12273],[-89.08845,29.1277]]],[[[-89.20981,29.12521],[-89.19248,29.12521],[-89.1867,29.10534],[-89.1867,29.10782],[-89.20403,29.11776],[-89.20981,29.12521]]],[[[-89.22137,29.11776],[-89.22137,29.12273],[-89.20981,29.12521],[-89.20981,29.11776],[-89.22137,29.11776]]],[[[-89.20981,29.12521],[-89.20403,29.10286],[-89.1867,29.08795],[-89.20403,29.09789],[-89.20981,29.12521]]],[[[-89.12313,29.10534],[-89.12313,29.11031],[-89.14624,29.12273],[-89.11735,29.11776],[-89.11735,29.10782],[-89.12313,29.10534]]],[[[-89.05956,29.12273],[-89.048,29.11528],[-89.05956,29.0805],[-89.06534,29.10782],[-89.05956,29.12273]]],[[[-89.22137,29.11776],[-89.22137,29.10286],[-89.23293,29.11031],[-89.22137,29.12025],[-89.22137,29.11776]]],[[[-89.15202,29.10534],[-89.15202,29.11279],[-89.1578,29.10782],[-89.16358,29.11776],[-89.16936,29.12025],[-89.14624,29.11279],[-89.15202,29.10534]]],[[[-89.11157,29.12025],[-89.10579,29.12025],[-89.10579,29.11031],[-89.10579,29.10534],[-89.11157,29.12025]]],[[[-89.14047,29.10286],[-89.13469,29.11279],[-89.12891,29.11031],[-89.13469,29.10286],[-89.14047,29.10286]]],[[[-89.07112,29.10037],[-89.0769,29.11031],[-89.07112,29.10782],[-89.07112,29.10037]]],[[[-89.2965,29.07553],[-89.29072,29.08795],[-89.27338,29.10782],[-89.27916,29.09292],[-89.2965,29.07553]]],[[[-90.3656,29.10286],[-90.34826,29.10782],[-90.34249,29.10782],[-90.34249,29.10286],[-90.3656,29.10286]]],[[[-89.21559,29.08298],[-89.21559,29.08547],[-89.20981,29.10534],[-89.21559,29.08298]]],[[[-89.10579,29.10534],[-89.10579,29.10037],[-89.08845,29.07304],[-89.09423,29.07553],[-89.10579,29.10534]]],[[[-89.11157,29.09292],[-89.12313,29.09292],[-89.12891,29.10037],[-89.11157,29.10286],[-89.11157,29.09292]]],[[[-89.06534,29.07056],[-89.07112,29.07801],[-89.07112,29.09789],[-89.07112,29.0805],[-89.06534,29.07056]]],[[[-89.11157,29.09292],[-89.10579,29.0954],[-89.10579,29.07801],[-89.11735,29.09043],[-89.11735,29.09292],[-89.11157,29.09292]]],[[[-90.26158,29.0805],[-90.25002,29.09292],[-90.24424,29.08795],[-90.2558,29.08298],[-90.26158,29.0805]]],[[[-90.44651,29.05317],[-90.46962,29.05814],[-90.52741,29.0805],[-90.53897,29.08795],[-90.45806,29.07056],[-90.44651,29.05317]],[[-90.49274,29.06808],[-90.4754,29.06808],[-90.51007,29.0805],[-90.5043,29.07304],[-90.49274,29.06808]]],[[[-90.27314,29.07801],[-90.27892,29.08298],[-90.27314,29.08795],[-90.26736,29.0805],[-90.27314,29.07801]]],[[[-89.16358,29.07056],[-89.16358,29.08795],[-89.1578,29.08547],[-89.16358,29.07056]]],[[[-89.27916,29.08795],[-89.2676,29.08298],[-89.27338,29.08547],[-89.2965,29.06808],[-89.33695,29.01839],[-89.2965,29.07056],[-89.27916,29.08795]]],[[[-89.21559,29.05565],[-89.21559,29.05814],[-89.23293,29.08547],[-89.21559,29.07056],[-89.21559,29.05814],[-89.21559,29.05565]]],[[[-89.25604,29.07801],[-89.26182,29.08298],[-89.25027,29.08547],[-89.25604,29.07801]]],[[[-89.2676,29.07801],[-89.26182,29.08547],[-89.25604,29.07553],[-89.26182,29.06311],[-89.2676,29.07801]]],[[[-89.12891,29.06808],[-89.13469,29.07553],[-89.14047,29.08298],[-89.12313,29.07056],[-89.12891,29.06808]]],[[[-90.34249,29.05814],[-90.33093,29.07056],[-90.32515,29.06559],[-90.29625,29.07056],[-90.2847,29.0805],[-90.27892,29.0805],[-90.29047,29.07304],[-90.34249,29.05814]]],[[[-89.2676,29.07304],[-89.27338,29.07553],[-89.28494,29.07553],[-89.2676,29.07801],[-89.2676,29.07304]]],[[[-89.19248,29.06808],[-89.19825,29.07304],[-89.19248,29.07553],[-89.19248,29.06808]]],[[[-89.2676,29.06808],[-89.2676,29.07056],[-89.28494,29.07056],[-89.28494,29.07304],[-89.2676,29.07304],[-89.2676,29.06808]]],[[[-89.30228,29.05317],[-89.30228,29.05565],[-89.28494,29.07304],[-89.27916,29.06559],[-89.29072,29.06559],[-89.30228,29.05317]]],[[[-89.31383,29.05814],[-89.31383,29.06559],[-89.30228,29.07304],[-89.31383,29.05814]]],[[[-90.71812,29.04572],[-90.67188,29.07056],[-90.63721,29.07056],[-90.63721,29.06559],[-90.71812,29.04572]]],[[[-89.27916,29.06559],[-89.27916,29.07056],[-89.2676,29.06808],[-89.2676,29.06311],[-89.27916,29.06559]]],[[[-90.43495,29.05565],[-90.44073,29.05814],[-90.45229,29.06808],[-90.44073,29.06559],[-90.43495,29.05565]]],[[[-89.15202,29.05565],[-89.16358,29.06311],[-89.1578,29.06559],[-89.14047,29.06062],[-89.14047,29.05814],[-89.15202,29.05565]]],[[[-89.2965,29.05317],[-89.2965,29.06062],[-89.27916,29.06311],[-89.27916,29.05814],[-89.2965,29.05317]]],[[[-90.90882,29.04323],[-90.96083,29.05565],[-90.96661,29.06062],[-90.92038,29.05317],[-90.90882,29.04323]]],[[[-90.74123,29.0482],[-90.74123,29.06062],[-90.71234,29.05317],[-90.74123,29.0482]]],[[[-90.81636,29.04075],[-90.82214,29.05565],[-90.79902,29.05565],[-90.81058,29.04572],[-90.81636,29.04075]]],[[[-89.15202,29.05069],[-89.1578,29.05317],[-89.16358,29.05565],[-89.14624,29.05317],[-89.15202,29.05069]]],[[[-89.1578,29.04323],[-89.16936,29.05069],[-89.17514,29.0482],[-89.17514,29.05317],[-89.1578,29.04323]]],[[[-90.43495,29.05565],[-90.42339,29.0482],[-90.44073,29.05317],[-90.43495,29.05565]]],[[[-89.30228,29.05317],[-89.30228,29.05069],[-89.2965,29.05565],[-89.2965,29.05069],[-89.30805,29.04323],[-89.30228,29.05317]]],[[[-90.82214,29.03826],[-90.8337,29.03826],[-90.84525,29.04323],[-90.83947,29.05317],[-90.82214,29.03826]]],[[[-90.79902,29.03826],[-90.78746,29.05069],[-90.78168,29.05069],[-90.79902,29.03826]]],[[[-90.74123,29.04075],[-90.73545,29.0482],[-90.71812,29.0482],[-90.7239,29.04323],[-90.74123,29.04075]]],[[[-90.90304,29.04075],[-90.90304,29.04572],[-90.86259,29.04572],[-90.87415,29.04075],[-90.90304,29.04075]]],[[[-90.82214,29.03826],[-90.82214,29.04572],[-90.82214,29.04075],[-90.8048,29.03826],[-90.82214,29.03826]]],[[[-89.33695,29.03081],[-89.32539,29.04323],[-89.32539,29.04075],[-89.33695,29.03081]]],[[[-89.17514,29.02584],[-89.16936,29.02833],[-89.16358,29.03081],[-89.16936,29.02584],[-89.17514,29.02584]]],[[[-89.34273,29.01839],[-89.34851,29.02336],[-89.33695,29.03081],[-89.34273,29.02336],[-89.34273,29.01839]]],[[[-89.17514,29.02584],[-89.16358,29.02336],[-89.16936,29.02087],[-89.17514,29.02584]]],[[[-89.16936,29.01342],[-89.17514,29.01839],[-89.1867,29.02087],[-89.17514,29.02087],[-89.16936,29.01342]]],[[[-89.16936,29.01839],[-89.16358,29.02087],[-89.15202,29.00845],[-89.16936,29.01839]]],[[[-89.34273,29.01839],[-89.4063,28.94883],[-89.39474,28.97864],[-89.34273,29.01839]]],[[[-89.16936,29.01839],[-89.14624,28.99852],[-89.15202,28.99603],[-89.16936,29.01839]]],[[[-89.34273,29.00597],[-89.34273,29.01591],[-89.33695,29.01591],[-89.33695,29.01342],[-89.34273,29.00597]]],[[[-89.37162,28.97119],[-89.34851,29.00597],[-89.34273,29.00348],[-89.37162,28.97119]]],[[[-89.38318,28.96125],[-89.37162,28.97367],[-89.37162,28.96622],[-89.38318,28.96125]]],[[[-89.40052,28.93393],[-89.38896,28.95877],[-89.3774,28.96871],[-89.38318,28.95877],[-89.3774,28.95628],[-89.38318,28.94635],[-89.40052,28.93393]]]]}},{"type":"Feature","properties":{"dma_code":501,"name":"New York, NY","latitude":40.839717,"longitude":-73.6072985},"geometry":{"type":"MultiPolygon","coordinates":[[[[-74.18456,39.72307],[-74.16144,39.71313],[-74.34059,39.5765],[-74.30014,39.53923],[-74.33481,39.50942],[-74.41572,39.55166],[-74.3926,39.77275],[-74.6122,40.18266],[-74.47929,40.27209],[-74.7509,40.42363],[-74.9416,40.34165],[-75.06296,40.42115],[-75.06874,40.54288],[-75.19588,40.57517],[-75.19588,40.75155],[-75.0514,40.86831],[-75.13231,40.99004],[-74.96472,41.09438],[-75.15542,41.14904],[-75.12653,41.25337],[-75.35769,41.23847],[-75.35191,41.36765],[-75.26522,41.3751],[-75.04562,41.61608],[-75.07452,41.81482],[-75.14387,41.85208],[-74.45039,42.17007],[-74.07476,42.09554],[-73.99963,42.17752],[-73.93029,42.07815],[-73.52576,41.97878],[-73.48531,42.05082],[-73.51998,41.66576],[-73.43908,41.49186],[-73.30038,41.47199],[-73.06922,41.30057],[-73.1039,41.154],[-73.19058,41.1863],[-73.58933,41.04221],[-73.76848,40.91551],[-73.80893,40.8708],[-73.78581,40.87328],[-73.80315,40.84844],[-73.82049,40.86831],[-73.82049,40.8857],[-73.82627,40.88819],[-73.81471,40.8236],[-73.79159,40.80621],[-73.93029,40.80372],[-73.90717,40.8708],[-73.92451,40.87825],[-73.97652,40.71181],[-74.06898,40.68448],[-74.14411,40.64721],[-74.08054,40.74162],[-74.15567,40.69938],[-74.28858,40.49567],[-73.9823,40.40376],[-74.07476,40.35656],[-73.97652,40.37643],[-74.04587,40.31681],[-74.01119,40.30687],[-73.97652,40.37643],[-73.99386,40.46835],[-73.9823,40.44351],[-73.9823,40.43108],[-73.97652,40.40127],[-73.97074,40.3491],[-73.9823,40.26464],[-74.09788,39.7653],[-74.08054,39.93672],[-74.19612,39.94914],[-74.10366,39.92678],[-74.19034,39.7653],[-74.19612,39.73797],[-74.18456,39.72307]],[[-74.08632,39.94168],[-74.04587,40.0659],[-74.13255,40.0659],[-74.05742,40.05099],[-74.14989,40.00628],[-74.08632,39.94168]]],[[[-72.03479,41.25089],[-72.02324,41.27573],[-71.91921,41.29312],[-72.00012,41.25337],[-72.03479,41.25089]]],[[[-73.41018,40.65467],[-73.69335,40.63728],[-73.68757,40.59256],[-73.72802,40.60747],[-73.94185,40.54288],[-73.76848,40.59753],[-73.74536,40.63976],[-73.83782,40.66212],[-73.91873,40.63231],[-73.88406,40.57766],[-73.99386,40.5702],[-74.04009,40.62486],[-73.90717,40.7913],[-73.85516,40.75901],[-73.78003,40.79627],[-73.75692,40.76646],[-73.75114,40.8385],[-73.71069,40.79627],[-73.72802,40.86583],[-73.64712,40.80124],[-73.63556,40.90309],[-73.46219,40.85838],[-73.49687,40.92794],[-73.48531,40.94781],[-73.42174,40.88322],[-73.4333,40.90558],[-73.37551,40.91303],[-73.36395,40.89067],[-73.35239,40.89316],[-73.39862,40.95526],[-73.17325,40.89316],[-73.12124,40.97762],[-72.64158,40.98011],[-72.35264,41.14158],[-72.23128,41.16146],[-72.40465,41.07451],[-72.42776,40.97762],[-72.46244,41.00743],[-72.64158,40.91551],[-72.49133,40.89564],[-72.31218,41.04221],[-72.25439,40.99501],[-72.16193,41.05463],[-72.09258,40.99253],[-71.85565,41.07202],[-72.47399,40.8385],[-72.4162,40.86335],[-72.41043,40.87328],[-73.41018,40.65467]]],[[[-72.09836,41.04718],[-72.13881,41.09438],[-72.13304,41.12419],[-72.07525,41.09935],[-72.09836,41.04718]]],[[[-72.27173,41.02482],[-72.31218,41.05463],[-72.35264,41.04718],[-72.35264,41.06457],[-72.36419,41.06705],[-72.34686,41.03973],[-72.38153,41.07202],[-72.3353,41.1068],[-72.27173,41.02482]]],[[[-73.38707,41.09438],[-73.38129,41.09935],[-73.38129,41.09438],[-73.38707,41.09438]]],[[[-72.45088,40.95526],[-72.46244,40.96272],[-72.47399,40.97762],[-72.46821,40.98507],[-72.45088,40.95526]]],[[[-73.66446,40.9652],[-73.67023,40.96768],[-73.65868,40.97514],[-73.66446,40.98259],[-73.65868,40.98011],[-73.66446,40.9652]]],[[[-73.78003,40.88073],[-73.78581,40.88322],[-73.78003,40.88819],[-73.78003,40.8857],[-73.78003,40.88073]]],[[[-73.76848,40.88073],[-73.77426,40.88322],[-73.76848,40.88819],[-73.76848,40.88073]]],[[[-73.76848,40.84596],[-73.77426,40.84844],[-73.77426,40.85838],[-73.7627,40.85589],[-73.76848,40.84596]]],[[[-73.78003,40.8385],[-73.79159,40.84347],[-73.79159,40.85838],[-73.78581,40.85092],[-73.78003,40.8385]]],[[[-72.75138,40.76397],[-72.72827,40.77888],[-72.47977,40.84099],[-72.49711,40.83353],[-72.75138,40.76397]]],[[[-73.93607,40.78136],[-73.92451,40.80124],[-73.91295,40.79379],[-73.92451,40.78136],[-73.93607,40.78136]]],[[[-73.88406,40.78633],[-73.88983,40.78633],[-73.88983,40.79875],[-73.8725,40.78882],[-73.88406,40.78633]]],[[[-73.95918,40.74907],[-73.94185,40.77391],[-73.9534,40.75404],[-73.95918,40.74907]]],[[[-73.26571,40.6174],[-73.31194,40.61989],[-73.31194,40.62486],[-73.1039,40.65715],[-72.75716,40.76894],[-73.01721,40.67703],[-73.26571,40.6174]]],[[[-74.02275,40.68448],[-74.02275,40.69193],[-74.01119,40.68945],[-74.02275,40.68448]]],[[[-73.19058,40.65467],[-73.20214,40.65715],[-73.20214,40.65964],[-73.19058,40.65467]]],[[[-73.26571,40.64473],[-73.27727,40.64721],[-73.27727,40.6497],[-73.26571,40.65964],[-73.26571,40.64473]]],[[[-73.57777,40.57517],[-73.50265,40.61243],[-73.30616,40.6497],[-73.31772,40.64721],[-73.30038,40.63976],[-73.24837,40.63976],[-73.57777,40.57517]]],[[[-73.30616,40.64225],[-73.2946,40.6497],[-73.28882,40.64225],[-73.30616,40.64225]]],[[[-74.24813,40.49567],[-74.24813,40.54288],[-74.21346,40.55778],[-74.18456,40.64473],[-74.06898,40.64225],[-74.11521,40.54784],[-74.24813,40.49567]]],[[[-73.83205,40.59504],[-73.82049,40.60001],[-73.82627,40.63976],[-73.81471,40.60747],[-73.82049,40.59504],[-73.83205,40.59504]]],[[[-73.8436,40.62486],[-73.8436,40.63231],[-73.83782,40.63231],[-73.8436,40.62486]]],[[[-73.66446,40.59753],[-73.67023,40.6025],[-73.66446,40.60498],[-73.66446,40.59753]]],[[[-73.69913,40.58262],[-73.75692,40.58262],[-73.57777,40.59256],[-73.58355,40.58511],[-73.69913,40.58262]]],[[[-74.30014,39.50197],[-74.13833,39.69574],[-74.12099,39.77275],[-74.0921,39.75785],[-74.23079,39.56905],[-74.30014,39.50197]]],[[[-74.18456,39.72307],[-74.19034,39.74294],[-74.16144,39.73549],[-74.16722,39.72059],[-74.18456,39.72307]]],[[[-74.2019,39.64854],[-74.2019,39.66096],[-74.19034,39.66096],[-74.19034,39.65103],[-74.2019,39.64854]]]]}},{"type":"Feature","properties":{"dma_code":544,"name":"Norfolk-Portsmouth-Newport News, VA","latitude":36.608336,"longitude":-76.3720915},"geometry":{"type":"MultiPolygon","coordinates":[[[[-75.24211,38.02632],[-75.33457,37.89217],[-75.36346,37.86236],[-75.37502,37.85739],[-75.39814,37.87478],[-75.35191,37.86981],[-75.3808,37.91204],[-75.33457,37.92446],[-75.24211,38.02632]]],[[[-75.37502,38.01638],[-75.43281,37.99154],[-75.68709,37.60896],[-75.67553,37.53195],[-75.80844,37.47233],[-75.72754,37.57667],[-75.80844,37.51208],[-75.97025,37.11708],[-76.02226,37.26614],[-75.96448,37.31334],[-76.02226,37.29843],[-75.93558,37.38786],[-75.96448,37.46736],[-75.88935,37.47978],[-75.96448,37.47481],[-75.93558,37.54686],[-75.84312,37.54934],[-75.83156,37.56673],[-75.94136,37.56176],[-75.83156,37.63381],[-75.89513,37.63877],[-75.77377,37.75554],[-75.82,37.79031],[-75.7102,37.79528],[-75.64663,37.89714],[-75.73332,37.9195],[-75.62352,37.99402],[-75.37502,38.01638]]],[[[-75.40392,37.89714],[-75.32879,37.9816],[-75.31145,37.98409],[-75.34613,37.9195],[-75.3808,37.91701],[-75.40392,37.89714]]],[[[-75.43281,37.9344],[-75.44437,37.94185],[-75.42125,37.94682],[-75.43281,37.9344]]],[[[-75.49638,37.82013],[-75.46171,37.88472],[-75.41548,37.88969],[-75.41548,37.88472],[-75.49638,37.82013]]],[[[-75.97603,37.80274],[-75.99915,37.81019],[-75.99915,37.83255],[-75.98181,37.82261],[-75.97603,37.80274]]],[[[-75.5195,37.79528],[-75.5195,37.82509],[-75.50216,37.81764],[-75.5195,37.79528]]],[[[-76.65217,37.604],[-76.54237,37.55928],[-76.27654,37.47233],[-76.27654,37.31085],[-76.35166,37.44252],[-76.34589,37.37047],[-76.44413,37.45494],[-76.40367,37.36799],[-76.44991,37.38041],[-76.46146,37.3978],[-76.48458,37.40277],[-76.49036,37.41271],[-76.49036,37.41768],[-76.50192,37.41768],[-76.49036,37.36054],[-76.40367,37.33569],[-76.44413,37.33818],[-76.49036,37.31085],[-76.38634,37.26365],[-76.50192,37.24626],[-76.70418,37.44003],[-76.65217,37.604]]],[[[-76.26498,37.47233],[-76.31699,37.48972],[-76.29965,37.51456],[-76.27654,37.49966],[-76.26498,37.47233]]],[[[-76.89488,37.4301],[-76.75619,37.45991],[-76.58282,37.27607],[-76.39212,37.19906],[-76.45569,37.18167],[-76.44991,37.13447],[-76.29387,37.12702],[-76.34589,37.10217],[-76.35166,37.1146],[-76.369,37.11956],[-76.36322,37.11708],[-76.37478,37.11956],[-76.38634,37.10963],[-76.36322,37.04752],[-76.28232,37.10714],[-76.27076,37.08727],[-76.30543,37.00032],[-76.42101,36.96057],[-76.65217,37.22142],[-76.87177,37.24129],[-76.89488,37.4301]]],[[[-76.7273,36.24262],[-77.20695,36.24759],[-77.06825,36.4985],[-77.35142,36.55564],[-77.37454,36.63016],[-77.50167,36.66991],[-76.95267,36.94567],[-76.96423,37.05497],[-77.15494,37.11211],[-77.01046,37.23384],[-76.74463,37.14689],[-76.68684,37.19658],[-76.66373,37.04504],[-76.57704,37.02019],[-76.58282,36.99784],[-76.61172,37.00777],[-76.6175,37.00032],[-76.62327,36.99038],[-76.62327,36.98293],[-76.48458,36.9556],[-76.54815,36.83139],[-76.43257,36.90592],[-76.34011,36.8612],[-76.39212,36.85375],[-76.40945,36.83387],[-76.3979,36.82642],[-76.40367,36.81152],[-76.40367,36.80655],[-76.20141,36.82145],[-76.32855,36.87611],[-76.28232,36.88853],[-76.32855,36.96306],[-75.99337,36.91585],[-75.88357,36.60781],[-75.77377,36.2302],[-75.53683,35.79048],[-75.72754,36.00413],[-75.68131,36.01655],[-75.7391,36.0414],[-75.94136,36.72457],[-75.99337,36.56806],[-75.92402,36.56806],[-75.90091,36.48856],[-75.98759,36.49601],[-76.04538,36.61526],[-76.02804,36.51589],[-76.08583,36.50098],[-75.94714,36.36186],[-75.92402,36.42646],[-75.79689,36.07121],[-75.97025,36.33205],[-76.04538,36.35938],[-75.95292,36.28485],[-75.99337,36.20039],[-75.91246,36.16561],[-76.01649,36.18548],[-76.13206,36.29479],[-76.21875,36.30224],[-76.06272,36.14573],[-76.18407,36.12586],[-76.2881,36.22275],[-76.22453,36.09605],[-76.45569,36.20287],[-76.30543,36.09853],[-76.51347,36.00662],[-76.68684,36.06127],[-76.67529,36.2774],[-76.77353,36.36186],[-76.79664,36.35938],[-76.6984,36.29479],[-76.7273,36.24262]]],[[[-76.75041,37.18912],[-76.76775,37.19658],[-76.78508,37.21397],[-76.73307,37.20403],[-76.75041,37.18912]]],[[[-75.96448,37.08478],[-75.97603,37.08727],[-75.97603,37.10217],[-75.95292,37.09472],[-75.96448,37.08478]]],[[[-75.90091,35.66876],[-76.01071,35.66876],[-75.98759,35.88986],[-75.80844,35.95941],[-75.72754,35.82278],[-75.71598,35.69857],[-75.77955,35.68366],[-75.73332,35.62404],[-75.83734,35.57187],[-75.90091,35.66876]]],[[[-75.6293,35.8203],[-75.65241,35.82526],[-75.72754,35.93706],[-75.64663,35.90973],[-75.6293,35.8203]]],[[[-75.75065,35.18929],[-75.5195,35.26879],[-75.46749,35.58181],[-75.52528,35.77558],[-75.45593,35.57187],[-75.48482,35.41536],[-75.53105,35.21662],[-75.75065,35.18929]]]]}},{"type":"Feature","properties":{"dma_code":740,"name":"North Platte, NE","latitude":41.394995,"longitude":-100.836179},"geometry":{"type":"Polygon","coordinates":[[[-101.24735,41.00495],[-101.27047,41.39498],[-101.98706,41.39498],[-101.98706,41.74277],[-101.4265,41.74277],[-101.4265,42.09305],[-99.68704,42.0856],[-99.68704,41.74029],[-100.25337,41.74029],[-100.22448,40.69938],[-101.24735,40.6969],[-101.24735,41.00495]]]}},{"type":"Feature","properties":{"dma_code":633,"name":"Odessa-Midland, TX","latitude":30.781491,"longitude":-103.077288},"geometry":{"type":"Polygon","coordinates":[[[-101.76168,29.78106],[-102.11419,29.79348],[-102.31646,29.88043],[-102.3858,29.76118],[-102.67475,29.74379],[-102.88279,29.34631],[-102.86545,29.22458],[-102.99259,29.17987],[-103.1544,28.97119],[-104.03858,29.31899],[-104.53557,29.66678],[-104.68582,29.93011],[-104.70894,30.23568],[-104.98055,30.62819],[-104.10215,31.10517],[-104.02702,31.9995],[-103.72074,31.9995],[-103.72074,32.52368],[-103.8132,32.52865],[-103.54159,32.52368],[-103.44335,32.41934],[-103.25842,32.47151],[-103.1833,32.59076],[-103.06194,32.5212],[-101.17222,32.52368],[-101.18378,32.08645],[-101.26469,32.08645],[-101.27625,31.08033],[-101.85992,31.08033],[-102.29912,31.0853],[-102.39158,31.08778],[-102.39158,31.0853],[-101.88303,30.9263],[-101.80791,30.70272],[-101.65188,30.62074],[-101.73856,30.422],[-101.65766,30.3425],[-101.7559,30.28785],[-101.76168,29.78106]]]}},{"type":"Feature","properties":{"dma_code":650,"name":"Oklahoma City, OK","latitude":35.667342,"longitude":-97.9919705},"geometry":{"type":"Polygon","coordinates":[[[-100.00488,37.0028],[-96.75133,36.99784],[-96.75133,36.7817],[-97.0634,36.66743],[-97.05184,36.5929],[-96.89003,36.57551],[-97.0345,36.50595],[-97.0345,36.33454],[-96.82068,36.24759],[-96.82068,36.15816],[-96.6242,36.16064],[-96.6242,35.40046],[-96.43927,35.46753],[-96.43927,35.29115],[-95.98273,35.28866],[-95.98273,35.15203],[-96.08675,35.05018],[-96.09253,34.76697],[-96.4046,34.76697],[-96.4046,34.93341],[-96.52595,34.86882],[-96.69354,34.93341],[-96.72822,34.8564],[-96.93048,34.96323],[-96.93048,34.59307],[-96.82646,34.59307],[-96.87847,34.33222],[-97.35234,34.37694],[-97.35234,34.50612],[-97.56039,34.50612],[-97.56039,34.68002],[-98.08627,34.68002],[-98.09205,34.85392],[-98.82597,34.8564],[-98.82597,34.59307],[-98.99934,34.59556],[-99.10336,34.63779],[-99.03979,34.68996],[-99.16115,34.70983],[-99.18427,34.85889],[-99.40387,34.81417],[-99.4212,34.72474],[-99.6697,34.72474],[-99.66392,34.50612],[-99.9991,34.56078],[-100.00488,37.0028]]]}},{"type":"Feature","properties":{"dma_code":652,"name":"Omaha, NE","latitude":41.1056295,"longitude":-96.150686},"geometry":{"type":"Polygon","coordinates":[[[-97.832,41.74277],[-97.01716,41.74277],[-97.01716,42.09057],[-96.55485,42.09057],[-96.55485,42.01604],[-96.27168,42.04834],[-96.13299,41.97381],[-96.13877,41.86699],[-95.67067,41.86202],[-95.67067,42.2123],[-95.09278,42.20981],[-95.09278,41.60117],[-95.04077,41.60117],[-95.04077,41.50428],[-94.69981,41.50428],[-94.69981,41.15897],[-94.46865,41.15649],[-94.46865,40.90061],[-94.93097,40.90061],[-94.91363,40.57517],[-95.20258,40.57766],[-95.17946,40.26215],[-95.55509,40.26464],[-95.39328,40.12055],[-95.4164,40.04105],[-95.3066,39.99882],[-96.46239,40.00131],[-96.46239,41.0447],[-97.36968,41.04718],[-97.36968,41.39498],[-97.60084,41.33287],[-97.60084,41.39498],[-97.70486,41.39498],[-97.70486,41.52664],[-97.832,41.52664],[-97.832,41.74277]]]}},{"type":"Feature","properties":{"dma_code":534,"name":"Orlando-Daytona Beach-Melbourne, FL","latitude":28.6562235,"longitude":-81.4963015},"geometry":{"type":"MultiPolygon","coordinates":[[[[-80.63964,28.40975],[-80.60497,28.41968],[-80.59919,28.57619],[-80.72055,28.40726],[-80.72632,28.606],[-80.81879,28.65072],[-80.74366,28.39733],[-80.48939,27.85327],[-80.88236,27.82346],[-80.8708,27.64211],[-81.14241,27.64211],[-81.20598,27.82098],[-81.46025,28.03959],[-81.37934,28.01226],[-81.34467,28.08431],[-81.52382,28.14393],[-81.55849,28.25821],[-81.65673,28.25821],[-81.65673,28.34764],[-82.05548,28.31286],[-82.05548,28.52154],[-82.27508,28.6532],[-82.18262,28.82213],[-82.31553,28.97367],[-82.53513,29.04075],[-82.53513,29.21465],[-82.40222,29.21465],[-82.408,29.48543],[-82.10171,29.41836],[-81.84166,29.52021],[-81.67985,29.32395],[-81.44291,29.38606],[-81.52382,29.62207],[-81.21176,29.67175],[-80.91703,29.07801],[-80.94592,29.0954],[-81.02105,29.23204],[-81.02105,29.23452],[-81.05572,29.30408],[-81.0904,29.38855],[-81.09618,29.40594],[-81.10196,29.40842],[-80.96904,29.08298],[-80.74944,28.74512],[-80.84768,28.79978],[-80.80723,28.65072],[-80.72632,28.70289],[-80.761,28.72773],[-80.74944,28.74264],[-80.68587,28.67059],[-80.63386,28.65569],[-80.89391,28.98858],[-80.88236,28.99852],[-80.91703,29.07304],[-80.58185,28.5911],[-80.52406,28.45943],[-80.58185,28.41223],[-80.63964,28.40975]]],[[[-80.9806,29.1426],[-80.9806,29.14509],[-80.97482,29.14757],[-80.9806,29.1426]]],[[[-80.91125,29.01342],[-80.91125,29.01591],[-80.91125,29.01094],[-80.91703,29.02584],[-80.90547,29.0333],[-80.90547,29.02584],[-80.90547,29.02336],[-80.89969,29.02336],[-80.90547,29.02336],[-80.91125,29.01342]]],[[[-80.91125,29.01342],[-80.91703,29.01342],[-80.91703,29.01839],[-80.91703,29.01591],[-80.91125,29.01342]]],[[[-80.63964,28.40975],[-80.58763,28.40726],[-80.58763,28.1638],[-80.45471,27.85576],[-80.61075,28.16877],[-80.61075,28.3849],[-80.63964,28.40975]]],[[[-80.61652,28.16132],[-80.60497,28.14145],[-80.66853,28.26566],[-80.72055,28.40478],[-80.7321,28.40478],[-80.69165,28.40726],[-80.65698,28.40478],[-80.66853,28.37497],[-80.65698,28.30044],[-80.69743,28.40478],[-80.69743,28.36751],[-80.61652,28.16132]]],[[[-80.64542,28.35758],[-80.66276,28.35758],[-80.6512,28.36006],[-80.64542,28.35758]]],[[[-80.64542,28.35758],[-80.6223,28.36006],[-80.61652,28.35758],[-80.64542,28.35758]]]]}},{"type":"Feature","properties":{"dma_code":631,"name":"Ottumwa, IA-Kirksville, MO","latitude":40.384083,"longitude":-92.545142},"geometry":{"type":"Polygon","coordinates":[[[-93.36487,40.26712],[-93.37643,40.58014],[-92.63673,40.59008],[-92.6425,41.16146],[-91.71787,41.16394],[-91.71787,40.59753],[-92.35356,40.59753],[-92.30155,39.60631],[-92.69452,39.61128],[-92.68874,39.69823],[-92.85633,39.70071],[-92.84477,40.03609],[-93.36487,40.0336],[-93.36487,40.26712]]]}},{"type":"Feature","properties":{"dma_code":632,"name":"Paducah, KY-Cape Girardeau, MO-Harrisburg, IL","latitude":37.2352865,"longitude":-89.497325},"geometry":{"type":"Polygon","coordinates":[[[-88.5279,36.1507],[-88.67815,36.06127],[-88.96132,36.22275],[-89.63168,36.18548],[-89.7068,36.24014],[-89.53921,36.24759],[-89.62012,36.32212],[-89.54499,36.33702],[-89.72992,36.42646],[-89.96108,36.38919],[-89.96108,35.99916],[-90.37716,35.99668],[-90.07665,36.27988],[-90.0651,36.38422],[-90.15178,36.4985],[-91.12842,36.4985],[-91.11686,36.82394],[-91.22666,36.82642],[-91.21511,37.08727],[-91.01862,37.09472],[-91.01862,37.14441],[-91.12842,37.19906],[-91.20933,37.50214],[-91.31335,37.50462],[-91.31335,37.59406],[-90.77013,37.604],[-90.75279,37.2711],[-90.55053,37.27359],[-90.53319,37.64374],[-90.146,37.64126],[-89.8455,37.90459],[-89.67213,37.80274],[-89.597,37.95428],[-89.59122,38.22009],[-89.14624,38.21264],[-89.14624,38.47349],[-88.70127,38.47597],[-88.70127,38.25736],[-88.37187,38.25487],[-88.37187,37.90956],[-88.13493,37.91701],[-88.03091,37.83752],[-88.0887,37.82261],[-88.03091,37.80025],[-88.15804,37.6661],[-88.14071,37.58661],[-87.79975,37.3829],[-87.85176,37.31831],[-87.67839,37.15186],[-87.76508,36.97548],[-88.15804,36.86617],[-88.05402,36.49601],[-88.51634,36.50098],[-88.5279,36.1507]]]}},{"type":"Feature","properties":{"dma_code":804,"name":"Palm Springs, CA","latitude":33.72988,"longitude":-116.2354255},"geometry":{"type":"Polygon","coordinates":[[[-116.08768,33.42547],[-116.59044,33.42795],[-116.56733,33.5621],[-116.79271,33.68632],[-116.68291,33.74594],[-116.71758,34.03411],[-116.45753,34.03411],[-116.45753,33.97449],[-116.19748,33.86021],[-116.02989,33.58695],[-115.67737,33.42795],[-116.08768,33.42547]]]}},{"type":"Feature","properties":{"dma_code":656,"name":"Panama City, FL","latitude":30.293713,"longitude":-85.3696325},"geometry":{"type":"MultiPolygon","coordinates":[[[[-86.39547,30.37977],[-86.25099,30.42945],[-86.1123,30.38722],[-86.19898,30.50398],[-86.39547,30.45429],[-86.38969,30.99338],[-85.00274,31.00083],[-84.85827,30.69775],[-84.93339,30.60583],[-84.64445,30.38722],[-84.73691,30.26549],[-84.65601,30.09656],[-84.43641,29.97731],[-84.34394,29.9003],[-84.51153,29.91769],[-84.88716,29.72144],[-84.91606,29.73386],[-84.89872,29.73883],[-84.85827,29.79348],[-84.85249,29.81584],[-84.99118,29.71398],[-85.11832,29.71647],[-85.34948,29.65685],[-85.37837,29.68914],[-85.39571,29.73137],[-85.41305,29.80839],[-85.41883,29.84316],[-85.36104,29.6792],[-85.3148,29.8382],[-85.68466,30.1214],[-85.46506,30.01458],[-85.38993,30.02452],[-85.38993,30.05184],[-85.48239,30.03197],[-85.48817,30.09656],[-85.73089,30.17606],[-85.60375,30.27791],[-85.85225,30.28288],[-85.74245,30.21829],[-85.754,30.17109],[-85.70777,30.14624],[-85.73667,30.1214],[-86.39547,30.37977]]],[[[-84.66756,29.77857],[-84.58088,29.80839],[-84.5751,29.82578],[-84.58088,29.8059],[-84.66756,29.77857]]],[[[-85.04897,29.58729],[-85.09521,29.62703],[-84.97963,29.60716],[-84.69646,29.76864],[-84.77736,29.69163],[-84.95651,29.61213],[-85.04897,29.58729]]],[[[-85.1241,29.62952],[-85.18189,29.6643],[-85.22234,29.6792],[-85.11254,29.68914],[-85.06631,29.67175],[-85.1241,29.62952]]]]}},{"type":"Feature","properties":{"dma_code":597,"name":"Parkersburg, WV","latitude":39.336078,"longitude":-81.4306435},"geometry":{"type":"Polygon","coordinates":[[[-81.22331,39.3082],[-81.29266,39.18647],[-81.58161,39.02499],[-81.7492,39.09455],[-81.7203,39.26845],[-81.85322,39.31813],[-81.82432,39.49452],[-81.70874,39.47961],[-81.71452,39.58395],[-81.47181,39.58395],[-81.47181,39.64606],[-81.03839,39.57153],[-81.11929,39.45725],[-81.02683,39.46719],[-81.00949,39.35043],[-81.22331,39.3082]]]}},{"type":"Feature","properties":{"dma_code":675,"name":"Peoria-Bloomington, IL","latitude":40.6826125,"longitude":-89.343186},"geometry":{"type":"Polygon","coordinates":[[[-90.44651,40.71429],[-89.98419,40.71181],[-89.98419,41.14904],[-89.86861,41.14904],[-89.86861,41.2335],[-89.63745,41.2335],[-89.63745,41.14904],[-89.46409,41.14904],[-89.46409,41.2335],[-89.16358,41.31051],[-89.16358,41.10432],[-89.048,41.10432],[-89.048,40.92545],[-88.93242,40.92794],[-88.93242,41.1068],[-88.25051,41.11426],[-88.23317,40.6174],[-88.45855,40.6174],[-88.45855,40.28203],[-89.60278,40.31929],[-89.60278,40.12055],[-89.99575,40.10813],[-90.2847,40.05596],[-90.35404,40.12304],[-90.19801,40.18514],[-90.45229,40.19011],[-90.44651,40.71429]]]}},{"type":"Feature","properties":{"dma_code":504,"name":"Philadelphia, PA","latitude":39.8995855,"longitude":-75.3874975},"geometry":{"type":"MultiPolygon","coordinates":[[[[-74.64688,39.23864],[-74.64688,39.23615],[-74.64688,39.23367],[-74.64688,39.2287],[-74.66421,39.2287],[-74.66999,39.20386],[-74.71044,39.18398],[-74.69889,39.15666],[-74.7509,39.14921],[-74.71622,39.12685],[-74.75668,39.1343],[-74.79713,39.09207],[-74.76823,39.05729],[-74.82024,39.05977],[-74.90693,38.95046],[-74.87225,38.94301],[-74.96472,38.93059],[-74.88959,39.15914],[-75.13809,39.17902],[-75.53683,39.45974],[-75.51372,39.56408],[-75.56573,39.56159],[-75.59462,39.46719],[-75.4097,39.26348],[-75.40392,39.06722],[-75.34035,39.02002],[-75.31145,38.9455],[-75.72176,38.83122],[-75.79111,39.72059],[-76.12629,39.72059],[-76.13784,39.72555],[-75.98759,39.87213],[-75.94136,40.10813],[-75.87201,40.13794],[-76.43835,40.49567],[-76.01649,40.57269],[-75.99337,40.63976],[-75.12075,40.96768],[-75.0514,40.86831],[-75.19588,40.75155],[-75.20165,40.6174],[-75.06874,40.54288],[-75.05718,40.41618],[-74.93004,40.33917],[-74.7509,40.42363],[-74.47929,40.27209],[-74.6122,40.18266],[-74.3926,39.77275],[-74.3926,39.59389],[-74.46195,39.55662],[-74.37527,39.4821],[-74.57175,39.30323],[-74.65266,39.32062],[-74.62954,39.24858],[-74.64688,39.24112],[-74.64688,39.23864]]],[[[-74.38682,39.45725],[-74.3926,39.45974],[-74.3926,39.46719],[-74.38682,39.46471],[-74.38682,39.46222],[-74.38682,39.45725]]],[[[-74.40416,39.37279],[-74.40994,39.4026],[-74.33481,39.44235],[-74.33481,39.43241],[-74.40416,39.37279]]],[[[-74.49084,39.35291],[-74.44461,39.36037],[-74.45617,39.37527],[-74.40994,39.36534],[-74.53708,39.30323],[-74.53708,39.30571],[-74.51974,39.33056],[-74.50818,39.33056],[-74.51396,39.33801],[-74.49084,39.35291]]],[[[-74.49084,39.35291],[-74.49084,39.37527],[-74.46195,39.36037],[-74.48507,39.35788],[-74.49084,39.35291]]],[[[-74.53708,39.31068],[-74.53708,39.31565],[-74.5313,39.32062],[-74.5313,39.31565],[-74.53708,39.31068]]],[[[-74.64688,39.23864],[-74.62954,39.24361],[-74.60642,39.26845],[-74.59487,39.26845],[-74.60064,39.2759],[-74.55441,39.29826],[-74.64688,39.21131],[-74.64688,39.23864]],[[-74.58909,39.27342],[-74.59487,39.2759],[-74.59487,39.27342],[-74.58909,39.27342]]],[[[-74.71622,39.11939],[-74.69889,39.15417],[-74.69889,39.16908],[-74.64688,39.20883],[-74.71622,39.11939]]],[[[-74.78557,39.02002],[-74.73356,39.08958],[-74.74512,39.09455],[-74.72778,39.09207],[-74.71622,39.10946],[-74.71622,39.11691],[-74.70467,39.102],[-74.78557,39.02002]]],[[[-74.7509,39.102],[-74.7509,39.11691],[-74.72778,39.11691],[-74.73934,39.11194],[-74.7509,39.102]]],[[[-74.722,39.102],[-74.72778,39.10697],[-74.73356,39.10946],[-74.722,39.10449],[-74.722,39.102]]],[[[-74.722,39.09952],[-74.73356,39.10449],[-74.72778,39.10449],[-74.722,39.09952]]],[[[-74.79135,39.02996],[-74.79713,39.03741],[-74.77979,39.04238],[-74.77979,39.0399],[-74.79135,39.02996]]],[[[-74.80869,39.00263],[-74.81447,39.00512],[-74.80869,39.03244],[-74.79713,39.01009],[-74.80869,39.00263]]],[[[-74.86648,38.93804],[-74.8607,38.97282],[-74.84336,38.97282],[-74.79713,39.0076],[-74.79713,39.02499],[-74.78557,39.00015],[-74.86648,38.93804]]],[[[-74.8318,38.99518],[-74.8318,39.0076],[-74.82024,38.99767],[-74.82602,38.99767],[-74.8318,38.99518]]],[[[-74.83758,38.98524],[-74.84336,38.9927],[-74.84914,38.99518],[-74.84914,38.99767],[-74.84336,39.00512],[-74.8318,38.9927],[-74.83758,38.98524]]]]}},{"type":"Feature","properties":{"dma_code":753,"name":"Phoenix, AZ","latitude":34.7133875,"longitude":-111.899851},"geometry":{"type":"Polygon","coordinates":[[[-113.33112,32.50381],[-113.33112,33.37827],[-113.95525,33.37827],[-113.95525,33.46522],[-114.26731,33.46273],[-114.26731,33.03047],[-114.66028,33.03296],[-114.70651,33.09009],[-114.72385,33.40559],[-114.52736,33.55217],[-114.53314,33.93474],[-114.41756,34.10864],[-114.12861,34.26266],[-114.38289,34.45644],[-114.46957,34.71232],[-114.63716,34.87379],[-114.64872,35.10234],[-114.56781,35.18433],[-114.67761,35.49983],[-114.71229,35.80539],[-114.66028,35.87247],[-114.75274,36.09108],[-114.406,36.14822],[-114.24419,36.01655],[-114.14595,36.02649],[-114.04771,36.19294],[-114.05349,37.00032],[-110.00245,36.99784],[-110.00245,35.66379],[-109.82908,35.6613],[-109.8522,34.66263],[-109.38988,34.65021],[-109.04892,34.87131],[-109.04892,32.4268],[-110.45321,32.4268],[-110.45321,32.51375],[-113.33112,32.50381]]]}},{"type":"Feature","properties":{"dma_code":508,"name":"Pittsburgh, PA","latitude":40.409733,"longitude":-79.6590145},"geometry":{"type":"Polygon","coordinates":[[[-80.40848,39.7181],[-80.51828,39.72059],[-80.51828,41.12419],[-80.09642,41.06954],[-79.99818,41.17139],[-79.99818,41.5018],[-79.83059,41.62104],[-79.51275,41.62353],[-79.47807,41.38752],[-79.20646,41.42976],[-79.21802,40.91055],[-78.80772,40.90558],[-78.79616,40.71677],[-78.94641,40.44102],[-79.42028,39.85474],[-79.35094,39.78766],[-79.39139,39.72059],[-78.92907,39.72307],[-79.114,39.43241],[-79.48963,39.19392],[-79.68611,39.27093],[-79.84792,39.24609],[-79.89416,39.4349],[-80.15421,39.61128],[-80.39692,39.63612],[-80.40848,39.7181]]]}},{"type":"Feature","properties":{"dma_code":820,"name":"Portland, OR","latitude":44.191309,"longitude":-120.4498885},"geometry":{"type":"MultiPolygon","coordinates":[[[[-123.72744,46.28897],[-123.72744,46.38586],[-121.52566,46.38834],[-121.52566,46.04303],[-119.8671,46.04054],[-119.8671,45.83683],[-120.00002,45.81199],[-120.0058,45.258],[-119.75731,45.16857],[-119.79198,44.99467],[-119.67062,44.99467],[-119.65906,43.95873],[-118.81534,43.96122],[-118.81534,44.04817],[-118.22589,44.04071],[-118.19699,41.99617],[-119.35856,41.99368],[-119.36434,42.7489],[-119.94223,42.74641],[-119.896,43.69789],[-120.26007,43.69789],[-120.26007,43.78484],[-120.37565,43.78484],[-120.38143,43.87178],[-120.7455,43.87178],[-120.7455,43.95873],[-120.98822,43.96122],[-120.98822,44.13263],[-121.1038,44.1376],[-121.10958,44.391],[-121.8435,44.39348],[-121.79727,44.25933],[-122.38095,44.20964],[-122.86638,44.28914],[-122.90683,44.19971],[-123.16688,44.19971],[-123.25934,44.55496],[-123.07442,44.64936],[-123.14954,44.7214],[-123.6003,44.7214],[-123.59452,44.43323],[-123.72166,44.43323],[-123.71588,44.36118],[-123.81412,44.34379],[-123.77367,44.28417],[-124.11463,44.27672],[-124.08573,44.41584],[-124.01061,44.41584],[-124.07995,44.42329],[-124.08573,44.49533],[-124.0684,44.61209],[-124.00483,44.61955],[-124.0684,44.61706],[-124.07418,44.79841],[-123.9297,45.17105],[-124.01061,45.33998],[-123.9297,45.40457],[-123.97593,45.48655],[-123.94704,45.56605],[-123.93548,45.50146],[-123.86613,45.50146],[-123.89503,45.56108],[-123.9586,45.57102],[-123.90081,45.69523],[-123.94126,45.66045],[-123.98171,45.76231],[-123.99327,45.94614],[-123.9297,46.048],[-124.02217,46.22935],[-123.8199,46.14985],[-123.86613,46.1896],[-123.50206,46.23432],[-123.39804,46.14985],[-123.3807,46.15234],[-123.47317,46.26661],[-123.72744,46.28897]],[[-123.65809,46.17221],[-123.6292,46.18215],[-123.66965,46.17718],[-123.66387,46.17221],[-123.65809,46.17221]]],[[[-117.74623,45.86168],[-117.78669,45.69026],[-117.7289,45.51388],[-117.47462,45.16608],[-117.26658,45.16608],[-117.26658,45.08162],[-116.78115,45.07914],[-116.85628,44.88039],[-117.06432,44.72637],[-117.22613,44.48291],[-117.22035,44.30156],[-117.48618,44.30156],[-117.48618,44.38851],[-117.5902,44.44565],[-117.97161,44.44316],[-118.19121,44.25685],[-118.4975,44.25436],[-118.30679,44.58974],[-118.52061,44.7065],[-118.28367,44.75121],[-118.31835,44.83568],[-118.22589,44.86549],[-118.22589,44.93753],[-118.52061,44.99715],[-118.54951,45.1959],[-118.65353,45.1959],[-118.69976,45.34495],[-118.42815,45.35489],[-118.40503,45.44184],[-118.11609,45.47165],[-118.11609,45.68778],[-117.97161,45.86168],[-117.74623,45.86168]]]]}},{"type":"Feature","properties":{"dma_code":500,"name":"Portland-Auburn, ME","latitude":44.366668,"longitude":-70.1830055},"geometry":{"type":"MultiPolygon","coordinates":[[[[-70.97725,43.35754],[-70.95991,43.54138],[-71.11016,43.5066],[-71.1275,43.57367],[-71.26042,43.57119],[-71.53203,43.76496],[-71.5667,43.89414],[-71.36444,43.9165],[-71.3471,44.07053],[-71.44534,44.24939],[-71.57826,44.25436],[-71.76318,44.4059],[-71.5378,44.58725],[-71.63027,44.75121],[-71.49735,44.90524],[-71.54358,44.98473],[-71.46268,45.01454],[-71.50313,45.05181],[-71.39911,45.20086],[-71.44534,45.23564],[-71.28353,45.30272],[-71.14484,45.24061],[-71.01192,45.34744],[-70.83855,45.23316],[-70.7981,45.42942],[-70.61895,45.40209],[-70.72297,45.51637],[-70.55538,45.66791],[-70.41669,45.14373],[-70.16242,45.12882],[-70.13352,44.85058],[-70.03528,44.86549],[-69.93126,44.60961],[-69.60764,44.57731],[-69.63075,44.70153],[-69.46894,44.71892],[-69.3707,44.54502],[-69.5094,44.34379],[-69.34759,44.30901],[-69.26668,44.36367],[-69.02974,44.24939],[-69.11065,44.11027],[-69.0413,44.09288],[-69.19155,44.00593],[-69.21467,43.93141],[-69.2609,43.91899],[-69.27824,43.95377],[-69.16266,44.06804],[-69.30135,43.95377],[-69.2898,44.00593],[-69.36492,43.9637],[-69.33603,44.05065],[-69.37648,44.09537],[-69.50362,43.83701],[-69.54407,43.92147],[-69.59608,43.81216],[-69.68854,43.88917],[-69.8388,43.70037],[-69.86769,43.91153],[-69.93704,43.85936],[-69.96015,43.79726],[-70.02372,43.73018],[-69.94282,43.86682],[-70.09885,43.84197],[-70.31267,43.65814],[-70.22598,43.65317],[-70.19709,43.56622],[-70.37624,43.51654],[-70.33578,43.44698],[-70.56116,43.31531],[-70.6883,43.0644],[-70.82699,43.12651],[-70.81544,43.2383],[-70.97725,43.35754]]],[[[-68.94306,44.11027],[-68.91994,44.14754],[-68.84482,44.1848],[-68.80436,44.15747],[-68.94306,44.11027]]],[[[-68.8217,44.03078],[-68.89683,44.11524],[-68.90839,44.09537],[-68.91416,44.09537],[-68.90261,44.12269],[-68.78703,44.09288],[-68.8217,44.03078]]],[[[-68.65411,44.00593],[-68.65411,44.06556],[-68.6021,44.08543],[-68.61366,44.01339],[-68.65411,44.00593]]],[[[-68.83326,44.03326],[-68.83904,44.03575],[-68.83326,44.04071],[-68.82748,44.04071],[-68.83326,44.03326]]],[[[-69.11643,43.996],[-69.12799,43.996],[-69.12799,44.00097],[-69.11065,44.00097],[-69.11643,43.996]]],[[[-69.1511,43.98606],[-69.1511,43.996],[-69.13954,44.00097],[-69.13376,43.996],[-69.1511,43.98606]]],[[[-69.31869,43.94134],[-69.30713,43.95377],[-69.30135,43.95128],[-69.29557,43.95625],[-69.31869,43.94134]]],[[[-68.90261,43.84943],[-68.90261,43.8693],[-68.89105,43.87675],[-68.88527,43.85688],[-68.90261,43.84943]]],[[[-69.55563,43.83204],[-69.56719,43.84943],[-69.54985,43.86682],[-69.54407,43.85936],[-69.55563,43.83204]]],[[[-69.67699,43.85688],[-69.68276,43.85936],[-69.68276,43.86682],[-69.67699,43.86185],[-69.67699,43.85688]]],[[[-69.9486,43.76745],[-69.94282,43.83204],[-69.89081,43.85688],[-69.89081,43.78235],[-69.91392,43.83701],[-69.9486,43.76745]]],[[[-69.70588,43.83701],[-69.71166,43.84943],[-69.7001,43.85191],[-69.70588,43.84197],[-69.70588,43.83701]]],[[[-69.65965,43.78732],[-69.68276,43.8221],[-69.68854,43.8221],[-69.66543,43.85191],[-69.65965,43.78732]]],[[[-69.56719,43.82458],[-69.56719,43.83204],[-69.56141,43.82955],[-69.56719,43.82458]]],[[[-70.01216,43.81216],[-70.01216,43.8221],[-69.99483,43.82458],[-70.00638,43.81465],[-70.01216,43.81216]]],[[[-69.88503,43.80719],[-69.88503,43.81962],[-69.87925,43.8221],[-69.87925,43.81465],[-69.88503,43.80719]]],[[[-69.68276,43.80968],[-69.68854,43.81713],[-69.68276,43.81713],[-69.68276,43.80968]]],[[[-69.63075,43.80223],[-69.63653,43.80968],[-69.63075,43.81465],[-69.62497,43.80719],[-69.63075,43.80223]]],[[[-70.07573,43.79726],[-70.06417,43.80471],[-70.06417,43.79974],[-70.07573,43.79726]]],[[[-70.00638,43.71776],[-69.97171,43.7749],[-69.9486,43.79477],[-69.99483,43.72273],[-70.00638,43.71776]]],[[[-69.91392,43.7749],[-69.9197,43.78235],[-69.91392,43.7898],[-69.90814,43.77987],[-69.91392,43.7749]]],[[[-70.15086,43.74509],[-70.14508,43.77241],[-70.12196,43.77241],[-70.13352,43.76993],[-70.15086,43.74509]]],[[[-69.32447,43.75502],[-69.31869,43.77241],[-69.30135,43.76993],[-69.31291,43.75751],[-69.32447,43.75502]]],[[[-70.13352,43.75254],[-70.12774,43.76248],[-70.11618,43.76496],[-70.12196,43.75999],[-70.13352,43.75254]]],[[[-70.12774,43.70782],[-70.12774,43.74509],[-70.09885,43.75999],[-70.10463,43.72521],[-70.12774,43.70782]]],[[[-70.11618,43.68298],[-70.11041,43.6954],[-70.09307,43.71031],[-70.09307,43.69292],[-70.11618,43.68298]]],[[[-70.1682,43.67553],[-70.1682,43.69292],[-70.13352,43.70285],[-70.15086,43.68298],[-70.1682,43.67553]]],[[[-70.23754,43.68547],[-70.23176,43.69292],[-70.22598,43.69043],[-70.22598,43.68795],[-70.23754,43.68547]]],[[[-70.20287,43.67304],[-70.19709,43.68795],[-70.19131,43.68795],[-70.19709,43.67304],[-70.20287,43.67304]]],[[[-70.19131,43.65069],[-70.19709,43.66311],[-70.18553,43.67304],[-70.17397,43.66311],[-70.19131,43.65069]]],[[[-70.20865,43.66311],[-70.21443,43.66559],[-70.20865,43.67056],[-70.20287,43.66559],[-70.20865,43.66311]]],[[[-70.20865,43.6333],[-70.20865,43.64075],[-70.20287,43.6482],[-70.19131,43.64572],[-70.20865,43.6333]]],[[[-70.74031,43.07434],[-70.74609,43.08179],[-70.72297,43.07931],[-70.72875,43.07682],[-70.74031,43.07434]]]]}},{"type":"Feature","properties":{"dma_code":552,"name":"Presque Isle, ME","latitude":46.519615,"longitude":-68.9025615},"geometry":{"type":"Polygon","coordinates":[[[-70.02372,46.57466],[-69.99483,46.69639],[-69.22623,47.45906],[-69.0413,47.42676],[-69.05286,47.25783],[-68.90261,47.17834],[-68.23225,47.35472],[-67.78727,47.06654],[-67.78149,45.73001],[-68.43451,45.57847],[-68.43451,46.38089],[-68.8217,46.39579],[-68.8217,46.57218],[-70.02372,46.57466]]]}},{"type":"Feature","properties":{"dma_code":521,"name":"Providence, RI-New Bedford, MA","latitude":41.620932,"longitude":-71.351281},"geometry":{"type":"MultiPolygon","coordinates":[[[[-70.84433,41.6285],[-70.85589,41.5813],[-70.91946,41.68067],[-70.95413,41.51422],[-71.03504,41.48193],[-71.06971,41.57136],[-71.19685,41.4546],[-71.19685,41.6757],[-71.26619,41.73035],[-71.2373,41.66825],[-71.30087,41.65086],[-71.28353,41.75768],[-71.32398,41.77755],[-71.30087,41.70551],[-71.35866,41.74526],[-71.36444,41.77258],[-71.39333,41.80985],[-71.38755,41.8173],[-71.37022,41.83718],[-71.37022,41.85208],[-71.38177,41.87195],[-71.40489,41.82475],[-71.39333,41.73284],[-71.35288,41.71793],[-71.37599,41.66576],[-71.45112,41.69557],[-71.40489,41.61608],[-71.48002,41.3602],[-71.52625,41.37759],[-71.71695,41.33039],[-71.86143,41.30306],[-71.88454,41.30803],[-71.79786,41.41734],[-71.79786,42.00859],[-71.36444,41.98623],[-71.08127,42.09554],[-70.97147,41.86202],[-71.02926,41.78004],[-70.91946,41.78997],[-70.84433,41.6285]]],[[[-71.32398,41.57881],[-71.35288,41.64092],[-71.34132,41.66576],[-71.30665,41.61856],[-71.32398,41.57881]]],[[[-71.35866,41.65086],[-71.36444,41.65086],[-71.36444,41.66079],[-71.35288,41.65831],[-71.35866,41.65086]]],[[[-71.33554,41.44963],[-71.36444,41.46205],[-71.27775,41.61856],[-71.21996,41.65582],[-71.2373,41.47696],[-71.33554,41.44963]],[[-71.32398,41.50428],[-71.32398,41.51422],[-71.32976,41.51422],[-71.32976,41.50925],[-71.32398,41.50428]],[[-71.32976,41.48193],[-71.32398,41.48689],[-71.32976,41.49435],[-71.32976,41.48938],[-71.32976,41.48193]]],[[[-71.27197,41.63595],[-71.28353,41.63843],[-71.28931,41.6434],[-71.27775,41.64837],[-71.27197,41.63595]]],[[[-70.91368,41.63843],[-70.91946,41.6434],[-70.9079,41.64092],[-70.91368,41.63843]]],[[[-70.82122,41.5813],[-70.84433,41.5962],[-70.83855,41.60614],[-70.81544,41.59123],[-70.82122,41.5813]]],[[[-71.39911,41.44963],[-71.38755,41.55645],[-71.36444,41.57384],[-71.35288,41.47944],[-71.39911,41.44963]]],[[[-71.59559,41.14655],[-71.61293,41.16146],[-71.57826,41.2335],[-71.54358,41.16146],[-71.59559,41.14655]]]]}},{"type":"Feature","properties":{"dma_code":717,"name":"Quincy, IL-Hannibal, MO-Keokuk, IA","latitude":40.066065,"longitude":-91.1726125},"geometry":{"type":"Polygon","coordinates":[[[-90.57942,39.52184],[-90.6141,39.39515],[-90.93772,39.40012],[-91.20355,39.59886],[-91.45782,39.4498],[-91.44048,39.31813],[-92.3131,39.34795],[-92.35356,40.59753],[-91.71787,40.59753],[-91.71787,40.81366],[-91.39425,40.80869],[-91.11108,40.6969],[-91.18621,40.63728],[-90.44651,40.62734],[-90.45229,40.19011],[-90.19801,40.18514],[-90.35404,40.12304],[-90.2847,40.05596],[-89.99575,40.10813],[-89.99575,39.87213],[-90.5852,39.87461],[-90.59676,39.79014],[-90.37138,39.75288],[-90.30203,39.51936],[-90.57942,39.52184]]]}},{"type":"Feature","properties":{"dma_code":560,"name":"Raleigh-Durham (Fayetteville), NC","latitude":35.72255,"longitude":-78.4212995},"geometry":{"type":"MultiPolygon","coordinates":[[[[-79.35094,34.83901],[-79.36249,34.95826],[-79.57054,35.06508],[-79.70345,35.25388],[-79.7728,35.51225],[-79.5532,35.51473],[-79.54164,35.84265],[-79.23536,35.84514],[-79.25847,36.24262],[-79.15445,36.24262],[-79.13711,36.54073],[-78.73259,36.54073],[-78.66902,36.68979],[-78.54766,36.6252],[-78.6459,36.69724],[-78.49565,36.89101],[-78.02756,36.77674],[-78.04489,36.54322],[-77.06825,36.4985],[-77.23006,36.21529],[-77.29941,36.20784],[-77.23006,36.1035],[-77.40921,35.99916],[-77.35142,35.8203],[-77.82529,35.57187],[-77.83107,35.17687],[-78.16625,35.18929],[-78.20093,34.73716],[-78.11424,34.7148],[-78.25294,34.55332],[-78.49565,34.8564],[-78.90596,34.83404],[-79.03309,34.95329],[-79.18913,34.83404],[-79.35094,34.83901]]]]}},{"type":"Feature","properties":{"dma_code":764,"name":"Rapid City, SD","latitude":43.7649485,"longitude":-104.4792695},"geometry":{"type":"MultiPolygon","coordinates":[[[[-104.05014,42.00114],[-104.05592,43.50411],[-105.07879,43.49915],[-105.09035,44.99964],[-105.03834,44.99964],[-105.03834,45.3524],[-104.98633,45.3524],[-104.9401,46.13743],[-104.51823,46.13743],[-104.51823,46.05545],[-104.3911,46.05545],[-104.3911,45.97098],[-104.13682,45.9685],[-104.13682,45.88155],[-104.04436,45.88155],[-104.04436,45.94614],[-102.94058,45.94614],[-102.95792,45.03939],[-101.99861,45.03939],[-101.99861,45.47165],[-101.47273,45.47165],[-101.50162,44.99467],[-101.13755,44.99467],[-101.16645,44.16741],[-101.04509,44.16741],[-101.04509,43.996],[-101.06242,43.84197],[-101.23001,43.79477],[-101.23001,42.99732],[-102.0853,42.99981],[-102.03907,42.09554],[-101.4265,42.09305],[-101.4265,41.74277],[-102.06796,41.74277],[-102.06796,42.00859],[-102.67475,42.0061],[-102.6343,41.43969],[-104.05014,41.39249],[-104.05014,41.69806],[-103.36822,41.69806],[-103.36244,42.00362],[-102.69787,42.00362],[-102.79033,42.99981],[-103.50692,42.99981],[-103.4029,42.00362],[-104.05014,42.00114]]],[[[-107.74288,44.71643],[-107.91047,45.00212],[-106.02654,44.99467],[-106.0092,44.56489],[-107.36725,44.55992],[-107.74288,44.71643]]]]}},{"type":"Feature","properties":{"dma_code":811,"name":"Reno, NV","latitude":39.4852355,"longitude":-118.959289},"geometry":{"type":"Polygon","coordinates":[[[-119.26609,37.73815],[-119.20253,37.8872],[-119.31233,37.95179],[-119.347,38.08346],[-119.63017,38.19773],[-119.69952,38.41386],[-119.88444,38.35673],[-120.07515,38.44616],[-120.06359,38.76663],[-120.20806,39.01754],[-120.00002,39.06722],[-120.00002,39.72307],[-120.14449,39.70816],[-120.10982,39.9392],[-120.20806,40.08577],[-120.57791,40.28451],[-120.76284,40.31681],[-120.93043,40.19259],[-121.06335,40.25719],[-121.06335,40.44599],[-121.32918,40.44599],[-121.32918,41.18381],[-120.00002,41.18381],[-120.00002,41.99368],[-117.01809,41.99865],[-117.01809,40.99998],[-116.58467,40.99998],[-116.602,39.16163],[-117.33015,39.16411],[-118.19699,39.00015],[-118.19699,38.91817],[-117.16834,38.00148],[-117.16834,36.97051],[-117.83292,37.46488],[-118.85001,37.47481],[-119.11584,37.73069],[-119.26609,37.73815]]]}},{"type":"Feature","properties":{"dma_code":556,"name":"Richmond-Petersburg, VA","latitude":37.4686305,"longitude":-77.5349825},"geometry":{"type":"Polygon","coordinates":[[[-77.15494,37.11211],[-76.96423,37.05497],[-76.95267,36.94567],[-77.50167,36.66991],[-77.29941,36.5457],[-78.04489,36.54322],[-78.02756,36.77674],[-78.48987,36.89101],[-78.44364,37.07982],[-78.69214,37.20403],[-78.59389,37.3978],[-78.83083,37.58909],[-78.61123,37.75554],[-78.49565,37.76299],[-78.25294,38.06358],[-78.2067,38.13314],[-78.36852,38.18531],[-78.28761,38.27226],[-78.22404,38.23003],[-77.77328,38.39399],[-77.71549,38.33685],[-77.95243,38.11824],[-77.65771,37.99154],[-77.36876,38.24742],[-77.2474,38.2499],[-77.25318,38.19028],[-77.06247,38.16047],[-77.0278,38.09091],[-76.87755,38.12569],[-76.75041,37.99402],[-76.51925,38.02632],[-76.23609,37.88969],[-76.31699,37.83006],[-76.30543,37.73069],[-76.33433,37.7456],[-76.33433,37.76547],[-76.34011,37.76547],[-76.34011,37.72572],[-76.30543,37.68846],[-76.369,37.68846],[-76.369,37.63629],[-76.30543,37.64126],[-76.2881,37.63132],[-76.27654,37.61393],[-76.36322,37.60896],[-76.47302,37.6661],[-76.40945,37.73318],[-76.51347,37.7456],[-76.5077,37.64126],[-76.5886,37.77541],[-76.79664,37.92695],[-76.85443,37.93192],[-76.54237,37.61642],[-76.29965,37.55679],[-76.42101,37.51208],[-76.65217,37.604],[-76.66951,37.45494],[-76.79664,37.52698],[-76.76775,37.43755],[-76.89488,37.4301],[-76.87755,37.26365],[-76.918,37.23384],[-76.95845,37.24875],[-76.99313,37.3034],[-77.01624,37.31334],[-77.22428,37.32576],[-76.99313,37.29595],[-77.15494,37.11211]]]}},{"type":"Feature","properties":{"dma_code":573,"name":"Roanoke-Lynchburg, VA","latitude":37.6408795,"longitude":-79.9113685},"geometry":{"type":"Polygon","coordinates":[[[-81.37934,36.95312],[-81.22331,37.04752],[-80.91125,37.07236],[-80.85924,37.17919],[-81.01527,37.27607],[-80.84768,37.34812],[-80.85924,37.4301],[-80.77256,37.37296],[-80.29868,37.50711],[-80.32758,37.56425],[-80.22356,37.62884],[-80.29868,37.69094],[-80.25823,37.75554],[-79.95772,38.06358],[-80.212,38.03626],[-80.36225,38.11327],[-80.35069,38.3443],[-79.86526,38.5505],[-79.77858,38.7393],[-79.62832,38.67968],[-79.65144,38.59273],[-79.47807,38.4561],[-79.31048,38.41138],[-79.53008,38.17041],[-79.43762,38.16295],[-79.48385,38.08594],[-79.14867,37.88969],[-79.0042,37.88223],[-78.83661,38.04868],[-78.6459,37.73318],[-78.83083,37.58909],[-78.59389,37.3978],[-78.69214,37.20403],[-78.44364,37.07982],[-78.49565,36.89101],[-78.6459,36.69724],[-78.55922,36.64259],[-78.54766,36.6252],[-78.6748,36.6873],[-78.73259,36.54073],[-80.05597,36.54322],[-80.09642,36.77674],[-80.04441,36.79909],[-80.23511,36.87114],[-80.46049,36.73947],[-80.48939,36.65004],[-80.59341,36.66246],[-80.61075,36.55812],[-80.83612,36.55812],[-81.04417,36.80655],[-81.26377,36.76432],[-81.37934,36.95312]]]}},{"type":"Feature","properties":{"dma_code":538,"name":"Rochester, NY","latitude":42.9137715,"longitude":-77.387152},"geometry":{"type":"MultiPolygon","coordinates":[[[[-76.90066,42.46321],[-77.14338,42.4955],[-77.14338,42.57748],[-77.65771,42.57997],[-77.72127,42.47066],[-78.06223,42.53277],[-77.95821,42.66692],[-77.9062,43.02465],[-77.95243,43.03956],[-77.9062,43.13396],[-77.99866,43.13396],[-77.99288,43.365],[-77.55368,43.23581],[-77.10293,43.29047],[-76.92378,43.21346],[-76.94112,43.27556],[-76.72152,43.34264],[-76.71574,43.02465],[-76.96423,43.01223],[-76.90066,42.46321]]],[[[-76.95845,43.27059],[-76.96423,43.27059],[-76.96423,43.27308],[-76.9469,43.27308],[-76.95845,43.27059]]],[[[-76.94112,43.26066],[-76.9469,43.26563],[-76.9469,43.27059],[-76.94112,43.26314],[-76.94112,43.26066]]],[[[-76.9469,43.2532],[-76.95267,43.25569],[-76.95267,43.25817],[-76.9469,43.26066],[-76.9469,43.2532]]]]}},{"type":"Feature","properties":{"dma_code":611,"name":"Rochester, MN-Mason City, IA-Austin, MN","latitude":43.552183,"longitude":-92.850969},"geometry":{"type":"Polygon","coordinates":[[[-93.02391,42.90789],[-93.97166,42.90789],[-93.97166,43.49915],[-93.64804,43.49915],[-93.64804,43.84694],[-93.04703,43.84943],[-93.04703,44.19722],[-92.39979,44.19722],[-92.31888,44.19474],[-92.31888,44.10779],[-92.08195,44.10779],[-92.08195,43.84694],[-91.72943,43.84694],[-91.72943,43.50163],[-92.08195,43.50163],[-92.08195,43.21346],[-92.55582,43.21346],[-92.55582,42.90789],[-93.02391,42.90789]]]}},{"type":"Feature","properties":{"dma_code":610,"name":"Rockford, IL","latitude":42.0453555,"longitude":-89.316059},"geometry":{"type":"Polygon","coordinates":[[[-89.9264,42.50544],[-88.70704,42.49302],[-88.70704,42.15268],[-88.9382,42.15268],[-88.9382,41.6285],[-89.16936,41.58626],[-89.63168,41.58378],[-89.68946,42.19988],[-89.92062,42.19739],[-89.9264,42.50544]]]}},{"type":"Feature","properties":{"dma_code":862,"name":"Sacramento-Stockton-Modesto, CA","latitude":38.7885185,"longitude":-120.9905465},"geometry":{"type":"MultiPolygon","coordinates":[[[[-122.21336,38.18034],[-122.20758,38.31449],[-122.0631,38.3294],[-122.13823,38.61012],[-122.28848,38.84116],[-122.4214,38.90078],[-122.34049,38.92314],[-122.49075,39.05232],[-122.47341,39.17405],[-122.68145,39.22373],[-122.78547,39.38273],[-122.01109,39.41254],[-121.88974,39.38273],[-121.90707,39.30323],[-121.4043,39.34049],[-121.30606,39.51936],[-121.16159,39.51936],[-121.0749,39.59637],[-121.42742,39.89945],[-121.36963,40.08577],[-121.44476,40.19011],[-121.34074,40.30935],[-121.47365,40.35159],[-121.49677,40.44599],[-121.06335,40.44599],[-121.04023,40.23483],[-120.88998,40.19259],[-120.79751,40.3019],[-120.65304,40.30687],[-120.20806,40.08577],[-120.09826,39.90939],[-120.14449,39.70816],[-120.00002,39.72307],[-120.00002,39.06722],[-120.20806,39.02002],[-120.06359,38.76663],[-120.07515,38.44616],[-119.88444,38.35673],[-119.70529,38.41635],[-119.63017,38.19773],[-119.347,38.08346],[-119.19675,37.84497],[-119.26609,37.73815],[-119.53771,37.90459],[-119.80932,37.75554],[-120.17339,37.80025],[-120.34676,37.72572],[-120.31208,37.65368],[-120.39299,37.68349],[-120.38721,37.63381],[-120.98244,37.40029],[-120.9651,37.34563],[-121.22516,37.13447],[-121.39852,37.14938],[-121.45631,37.25123],[-121.41008,37.38041],[-121.55456,37.54189],[-121.58345,38.09339],[-121.88396,38.04868],[-121.91285,38.08346],[-122.01109,38.08843],[-121.9822,38.11327],[-121.99953,38.1406],[-122.21336,38.18034]]],[[[-122.01109,38.06607],[-122.03999,38.08097],[-122.03999,38.09091],[-121.99953,38.07849],[-122.01109,38.06607]]],[[[-121.9822,38.076],[-121.98798,38.07849],[-121.99376,38.08097],[-121.98798,38.08346],[-121.9822,38.076]]],[[[-121.97642,38.07104],[-121.97642,38.07352],[-121.97642,38.076],[-121.97064,38.07104],[-121.97642,38.07104]]],[[[-121.91285,38.05116],[-121.91285,38.07104],[-121.89551,38.05365],[-121.89551,38.05116],[-121.91285,38.05116]]]]}},{"type":"Feature","properties":{"dma_code":576,"name":"Salisbury, MD","latitude":38.4437985,"longitude":-75.548586},"geometry":{"type":"MultiPolygon","coordinates":[[[[-75.37502,38.01638],[-75.75065,37.99154],[-75.8489,37.92446],[-75.8489,38.00396],[-75.90091,37.97415],[-75.74488,38.08843],[-75.87201,38.0611],[-75.83734,38.12569],[-75.76799,38.13314],[-75.7391,38.16792],[-75.95292,38.17538],[-75.82578,38.21512],[-75.76221,38.28717],[-75.91824,38.26481],[-75.82,38.48342],[-75.70442,38.56044],[-75.72176,38.83122],[-75.55417,38.83619],[-75.36924,38.96289],[-75.1901,38.80638],[-75.09185,38.80389],[-75.06296,38.65981],[-75.06296,38.61012],[-75.0803,38.69459],[-75.1612,38.70452],[-75.12653,38.6449],[-75.18432,38.66726],[-75.1901,38.65981],[-75.16698,38.63496],[-75.10341,38.63496],[-75.09763,38.62006],[-75.28834,38.59522],[-75.10341,38.5505],[-75.06296,38.61012],[-75.04562,38.4561],[-75.05718,38.41138],[-75.08608,38.32443],[-75.05718,38.42877],[-75.06874,38.43871],[-75.0514,38.46107],[-75.05718,38.5033],[-75.06296,38.51075],[-75.10919,38.38902],[-75.1901,38.43125],[-75.09185,38.3294],[-75.10919,38.32691],[-75.14387,38.28468],[-75.14964,38.24742],[-75.1901,38.23003],[-75.1901,38.20767],[-75.1901,38.25984],[-75.24789,38.23003],[-75.37502,38.01638]]],[[[-75.08608,38.61012],[-75.09185,38.61509],[-75.06874,38.62254],[-75.07452,38.61012],[-75.08608,38.61012]]],[[[-75.24789,38.02632],[-75.17276,38.21015],[-75.10341,38.31946],[-75.09763,38.32443],[-75.09185,38.32443],[-75.24789,38.02632]]],[[[-75.93558,38.12569],[-75.9587,38.13811],[-75.94714,38.16792],[-75.92402,38.13563],[-75.93558,38.12569]]],[[[-76.02804,37.96918],[-76.04538,37.97912],[-76.05116,37.99651],[-76.02804,37.99154],[-76.02804,37.96918]]],[[[-76.02226,37.96421],[-76.02226,37.9667],[-76.02226,37.97167],[-76.01649,37.96421],[-76.02226,37.96421]]]]}},{"type":"Feature","properties":{"dma_code":770,"name":"Salt Lake City, UT","latitude":40.23193,"longitude":-112.26407},"geometry":{"type":"Polygon","coordinates":[[[-109.04314,37.00032],[-114.05349,37.00032],[-114.04771,38.6772],[-115.00123,38.6772],[-115.90853,39.16163],[-115.90853,39.46471],[-115.81607,39.59389],[-115.82184,40.12055],[-116.00099,40.128],[-116.15702,40.66709],[-116.15702,40.99998],[-117.01809,40.99998],[-117.01809,41.99865],[-113.00172,41.99865],[-113.00172,42.32657],[-112.65498,42.32906],[-112.65498,42.41601],[-112.49895,42.41601],[-112.49895,42.50296],[-112.29669,42.45327],[-112.32558,42.32409],[-112.19267,42.35142],[-111.89794,42.25702],[-111.89794,42.41601],[-111.5801,42.42843],[-111.60322,42.58991],[-111.2796,42.55264],[-111.24492,42.60233],[-111.23336,42.47811],[-111.04844,42.51289],[-111.04844,41.57881],[-110.04868,41.57633],[-110.05446,42.27192],[-110.53989,42.27689],[-110.6208,42.70915],[-110.58034,43.29047],[-110.34341,43.29047],[-110.34341,43.37742],[-110.05446,43.37742],[-110.06024,43.46437],[-109.75395,43.46437],[-109.55169,43.01223],[-109.37254,42.94516],[-109.23385,42.76877],[-109.07204,42.69425],[-109.04314,42.26447],[-107.52328,42.26198],[-107.51172,41.65831],[-107.92781,41.66079],[-107.91625,41.00246],[-109.04892,40.99998],[-109.04314,37.88223],[-109.04314,37.00032]]]}},{"type":"Feature","properties":{"dma_code":661,"name":"San Angelo, TX","latitude":31.186904,"longitude":-100.740601},"geometry":{"type":"Polygon","coordinates":[[[-101.7559,30.28785],[-101.65766,30.3425],[-101.73856,30.422],[-101.65188,30.62074],[-101.80791,30.70272],[-101.87726,30.92133],[-102.39158,31.0853],[-101.27625,31.08033],[-101.26469,32.08645],[-100.23604,32.08148],[-100.23604,31.58215],[-99.70437,31.57718],[-99.51367,31.42564],[-99.0918,31.46042],[-99.0918,30.94121],[-99.48477,30.94121],[-99.48477,30.49901],[-99.30563,30.49901],[-99.29985,30.28785],[-101.7559,30.28785]]]}},{"type":"Feature","properties":{"dma_code":641,"name":"San Antonio, TX","latitude":29.2651455,"longitude":-99.1607395},"geometry":{"type":"MultiPolygon","coordinates":[[[[-99.38653,28.02965],[-99.39231,28.20355],[-100.21292,28.1961],[-100.79659,29.24694],[-101.06242,29.4581],[-101.25313,29.52021],[-101.25313,29.62455],[-101.30514,29.57735],[-101.40338,29.77112],[-101.76168,29.78106],[-101.7559,30.28785],[-99.29985,30.28785],[-99.30563,30.49901],[-98.58904,30.49901],[-98.58904,30.13879],[-98.41567,29.93757],[-98.30009,30.03694],[-98.02848,29.84813],[-97.99958,29.75125],[-97.86667,29.85559],[-97.61817,29.63449],[-97.31767,29.78354],[-97.1443,29.62703],[-96.86691,29.632],[-96.56063,29.33638],[-97.30611,28.86437],[-97.16164,28.78239],[-97.16164,28.55383],[-97.37546,28.38739],[-97.44481,28.40229],[-97.6933,28.54141],[-97.77421,28.66811],[-98.00536,28.69047],[-98.09783,28.78735],[-98.33476,28.61346],[-98.33476,28.05698],[-99.38653,28.02965]]]]}},{"type":"Feature","properties":{"dma_code":825,"name":"San Diego, CA","latitude":33.0195915,"longitude":-116.8402815},"geometry":{"type":"Polygon","coordinates":[[[-116.10501,32.61808],[-117.12211,32.53362],[-117.22613,32.69758],[-117.10477,32.60318],[-117.11633,32.67522],[-117.1799,32.72739],[-117.25502,32.69758],[-117.18568,32.76217],[-117.25502,32.75969],[-117.27814,32.82179],[-117.32437,33.11494],[-117.59598,33.38572],[-117.57864,33.4528],[-117.36482,33.50497],[-117.24346,33.43292],[-116.08768,33.42547],[-116.10501,32.61808]],[[-117.21457,32.76714],[-117.20879,32.76962],[-117.21457,32.7895],[-117.23191,32.77211],[-117.21457,32.76714]],[[-117.23769,32.77211],[-117.23191,32.77459],[-117.23191,32.77956],[-117.24346,32.77708],[-117.23769,32.77211]]]}},{"type":"Feature","properties":{"dma_code":807,"name":"San Francisco-Oakland-San Jose, CA","latitude":38.4477155,"longitude":-122.6193155},"geometry":{"type":"MultiPolygon","coordinates":[[[[-122.73924,39.38273],[-122.75658,39.28584],[-122.47341,39.17405],[-122.49075,39.05232],[-122.34049,38.92314],[-122.4214,38.90078],[-122.28848,38.84116],[-122.16712,38.65484],[-122.0631,38.3294],[-122.20758,38.31449],[-122.21336,38.18034],[-122.0631,38.11824],[-122.12667,38.04619],[-122.40406,38.1555],[-122.49075,38.1083],[-122.44451,37.98657],[-122.5312,37.94434],[-122.43873,37.88223],[-122.52542,37.89714],[-122.47341,37.83752],[-122.52542,37.81516],[-122.92417,38.0288],[-122.92994,38.09091],[-122.96462,37.99154],[-123.02241,37.99651],[-122.94728,38.1555],[-122.99351,38.23997],[-122.89527,38.13314],[-122.83748,38.08346],[-122.82592,38.09091],[-123.06286,38.30207],[-123.13221,38.45361],[-123.72744,38.91817],[-123.69277,39.05232],[-123.82568,39.34795],[-123.79101,39.68581],[-124.02217,40.00131],[-122.93572,39.97895],[-122.88371,39.57898],[-122.73346,39.58147],[-122.73924,39.38273]]],[[[-121.2136,36.96057],[-121.49099,36.98293],[-121.57767,36.8935],[-122.14979,37.28601],[-122.15557,37.21645],[-122.31738,37.18664],[-122.28848,37.1146],[-122.33471,37.11708],[-122.51964,37.5245],[-122.50808,37.78535],[-122.39828,37.8077],[-122.40406,37.63629],[-122.24225,37.50711],[-122.21913,37.54189],[-122.092,37.44252],[-121.94175,37.45246],[-122.10356,37.49966],[-122.16135,37.67604],[-122.25959,37.74063],[-122.20758,37.73069],[-122.21336,37.75802],[-122.34049,37.80522],[-122.3116,37.89217],[-122.42718,37.96421],[-122.25959,38.05861],[-122.14979,38.02135],[-121.86084,38.06607],[-121.77994,38.01887],[-121.58345,38.09588],[-121.55456,37.54189],[-121.41008,37.38041],[-121.45631,37.25123],[-121.39852,37.14938],[-121.28295,37.18416],[-121.22516,37.13199],[-121.2136,36.96057]],[[-122.24803,37.77789],[-122.24803,37.78286],[-122.25381,37.78535],[-122.25381,37.78286],[-122.24803,37.77789]]],[[[-122.4214,37.85242],[-122.43873,37.85491],[-122.44451,37.85987],[-122.42718,37.86981],[-122.4214,37.85242]]],[[[-122.36939,37.8077],[-122.38095,37.82758],[-122.37517,37.83255],[-122.35783,37.81516],[-122.36939,37.8077]]],[[[-122.23069,37.75057],[-122.2827,37.77044],[-122.33471,37.78286],[-122.32893,37.79777],[-122.23069,37.75057]]]]}},{"type":"Feature","properties":{"dma_code":855,"name":"Santa Barbara-Santa Maria-San Luis Obispo, CA","latitude":34.844663,"longitude":-120.4100205},"geometry":{"type":"MultiPolygon","coordinates":[[[[-121.34651,35.79545],[-120.1965,35.788],[-120.1965,35.6141],[-120.0867,35.6141],[-120.0867,35.52715],[-120.00002,35.4402],[-119.87866,35.4402],[-119.80932,35.26382],[-119.66484,35.26134],[-119.66484,35.17439],[-119.55504,35.17936],[-119.56082,35.08744],[-119.47414,35.0775],[-119.47414,34.37446],[-120.13872,34.47383],[-120.45078,34.44153],[-120.65304,34.57817],[-120.60103,34.70486],[-120.67038,34.9036],[-120.64726,35.14458],[-120.8553,35.20668],[-120.90154,35.25637],[-120.86108,35.36816],[-120.86686,35.31102],[-120.82641,35.33835],[-120.88998,35.43524],[-121.28872,35.66379],[-121.34651,35.79545]]],[[[-119.81509,33.95958],[-119.91912,34.07635],[-119.52037,34.03411],[-119.56082,33.99436],[-119.81509,33.95958]]],[[[-120.35832,34.01424],[-120.41033,34.03163],[-120.45078,34.02914],[-120.36987,34.07635],[-120.3063,34.02914],[-120.35832,34.01424]]],[[[-120.1156,33.89499],[-120.17917,33.92481],[-120.24852,34.00182],[-120.05781,34.0366],[-119.9769,33.98443],[-120.1156,33.89499]]]]}},{"type":"Feature","properties":{"dma_code":507,"name":"Savannah, GA","latitude":32.168191,"longitude":-81.6330685},"geometry":{"type":"MultiPolygon","coordinates":[[[[-82.35599,32.29265],[-82.23463,32.31749],[-82.14794,32.5212],[-81.84166,32.6479],[-81.76653,32.90874],[-81.54116,33.04538],[-81.4198,32.74727],[-81.08462,33.0255],[-80.82457,32.69758],[-80.66853,32.67025],[-80.5125,32.51375],[-80.75522,32.54852],[-80.81301,32.49387],[-80.85346,32.53113],[-80.761,32.27774],[-80.78411,32.26035],[-80.79567,32.23054],[-80.78989,32.18831],[-80.89391,32.12868],[-80.91703,32.08397],[-80.89969,32.02186],[-80.8419,32.02435],[-80.84768,31.99205],[-81.02683,31.93491],[-80.93437,31.91007],[-80.99216,31.8579],[-81.14241,31.8579],[-81.17708,31.81815],[-81.18286,31.80076],[-81.15974,31.78337],[-81.17708,31.75853],[-81.15974,31.72872],[-81.27532,31.79083],[-81.13085,31.69642],[-81.13085,31.62686],[-81.29266,31.53495],[-81.26377,31.52004],[-81.33311,31.47781],[-81.34467,31.44054],[-81.29266,31.37099],[-81.33889,31.37099],[-81.33889,31.35856],[-81.32733,31.33621],[-81.33311,31.33372],[-81.33889,31.33124],[-81.43713,31.34117],[-81.37357,31.32378],[-81.40824,31.29149],[-81.62206,31.45297],[-81.72608,31.32627],[-82.03237,31.36602],[-82.06126,31.46539],[-82.22885,31.52998],[-82.48312,31.41819],[-82.5987,31.47036],[-82.6276,31.67158],[-82.83564,31.67158],[-82.83564,31.81567],[-82.54091,31.96721],[-82.65649,32.3001],[-82.408,32.35475],[-82.35599,32.29265]]],[[[-80.74366,32.35227],[-80.81301,32.474],[-80.74944,32.53859],[-80.68587,32.50132],[-80.72055,32.44419],[-80.69165,32.45412],[-80.66853,32.45164],[-80.66276,32.43673],[-80.74366,32.35227]]],[[[-80.63386,32.25538],[-80.6512,32.43673],[-80.69165,32.47648],[-80.67431,32.50381],[-80.45471,32.40941],[-80.63386,32.25538]]],[[[-80.50095,32.45909],[-80.5414,32.46158],[-80.54718,32.49387],[-80.47783,32.47648],[-80.50095,32.45909]]],[[[-80.45471,32.36717],[-80.46049,32.38705],[-80.4316,32.41189],[-80.45471,32.36717]]],[[[-80.57607,32.27277],[-80.47205,32.38456],[-80.46049,32.35724],[-80.4316,32.39202],[-80.45471,32.32246],[-80.57607,32.27277]]],[[[-80.67431,32.29016],[-80.69743,32.30258],[-80.73788,32.35227],[-80.66853,32.35227],[-80.67431,32.29016]]],[[[-80.78989,32.22309],[-80.77833,32.25787],[-80.76678,32.26035],[-80.761,32.27277],[-80.74366,32.26532],[-80.78989,32.22309]]],[[[-80.81879,32.10881],[-80.73788,32.2678],[-80.67431,32.23551],[-80.72632,32.1585],[-80.81879,32.10881]]],[[[-80.87658,32.08148],[-80.89391,32.1262],[-80.83612,32.14607],[-80.8419,32.11875],[-80.87658,32.08148]]],[[[-81.15974,31.78337],[-81.17708,31.81567],[-81.03839,31.82064],[-81.13663,31.72127],[-81.1713,31.75853],[-81.15974,31.78337]]],[[[-81.26954,31.38341],[-81.31,31.42315],[-81.29266,31.48029],[-81.29266,31.48775],[-81.19442,31.53495],[-81.26954,31.38341]]],[[[-81.30422,31.448],[-81.32733,31.47532],[-81.29266,31.48526],[-81.29266,31.48278],[-81.30422,31.448]]],[[[-81.31578,31.42812],[-81.33889,31.44551],[-81.32733,31.45545],[-81.32733,31.46042],[-81.31578,31.42812]]],[[[-81.25221,31.31633],[-81.32156,31.33124],[-81.32733,31.34863],[-81.33889,31.36105],[-81.33311,31.36353],[-81.25221,31.31633]]]]}},{"type":"Feature","properties":{"dma_code":819,"name":"Seattle-Tacoma, WA","latitude":47.621239,"longitude":-121.842349},"geometry":{"type":"MultiPolygon","coordinates":[[[[-120.65882,48.72603],[-120.78596,48.62666],[-120.62993,48.49748],[-120.64726,48.39562],[-120.06359,47.96585],[-119.87288,47.96088],[-119.896,48.05031],[-119.77464,48.10496],[-119.61861,47.99566],[-119.50881,48.08012],[-119.347,48.05031],[-119.13318,48.15217],[-118.95403,48.0205],[-119.21408,47.88883],[-119.31811,47.62799],[-119.53193,47.52862],[-119.53193,47.44167],[-119.87866,47.4367],[-120.0058,47.31994],[-120.0058,47.22057],[-120.56636,47.30752],[-120.90731,47.42428],[-121.11536,47.59818],[-121.23094,47.56588],[-121.46787,47.36714],[-121.34651,47.28267],[-121.30028,47.14852],[-121.41008,47.11871],[-121.37541,47.05412],[-121.52566,46.87277],[-121.35229,46.71378],[-121.45631,46.52001],[-121.39275,46.39082],[-123.72744,46.38586],[-123.72744,46.28897],[-123.87191,46.23929],[-123.99905,46.31381],[-124.07995,46.26661],[-124.0684,46.63428],[-124.01639,46.37095],[-123.95282,46.3635],[-123.92392,46.42312],[-123.93548,46.4579],[-123.88925,46.41318],[-123.86035,46.41815],[-123.84302,46.38834],[-123.83146,46.38834],[-123.83146,46.3784],[-123.82568,46.37095],[-123.8199,46.37592],[-123.82568,46.38834],[-123.84302,46.38834],[-123.85458,46.42312],[-123.94126,46.46535],[-123.88925,46.51504],[-123.9586,46.63677],[-123.94126,46.61689],[-123.91237,46.61192],[-123.91237,46.60447],[-123.90081,46.59702],[-123.89503,46.5995],[-123.9297,46.67403],[-123.84302,46.71626],[-124.09729,46.73614],[-124.13774,46.90507],[-124.02217,46.83551],[-124.04528,46.89513],[-123.98171,46.92246],[-123.87769,46.93985],[-123.80834,46.96966],[-124.12041,47.0417],[-124.10885,46.94233],[-124.1782,46.92743],[-124.20131,47.20566],[-124.31689,47.35472],[-124.42669,47.74226],[-124.67519,47.96585],[-124.73297,48.16459],[-124.65785,48.32855],[-124.7272,48.3832],[-123.98749,48.16459],[-123.32291,48.11242],[-123.24779,48.1149],[-123.15532,48.17204],[-123.14377,48.17701],[-123.10331,48.18446],[-123.18422,48.1472],[-123.06864,48.11987],[-123.01085,48.02547],[-123.03974,48.08012],[-122.91261,48.09503],[-122.88949,47.99069],[-122.82592,48.04783],[-122.88371,48.10496],[-122.7508,48.14223],[-122.80281,48.08509],[-122.68145,47.97081],[-122.70457,47.91616],[-122.60632,47.88883],[-122.69301,47.86896],[-122.80859,47.68264],[-122.78547,47.80437],[-122.8606,47.82921],[-122.90105,47.64538],[-123.04552,47.54849],[-123.1611,47.35472],[-123.12065,47.32739],[-123.10331,47.3572],[-123.02819,47.34975],[-122.84326,47.43173],[-123.12065,47.3895],[-122.91839,47.62302],[-122.7508,47.66773],[-122.60632,47.85654],[-122.56587,47.82176],[-122.60055,47.941],[-122.52542,47.91119],[-122.46763,47.75717],[-122.56009,47.76959],[-122.58899,47.69009],[-122.65256,47.74723],[-122.6121,47.56588],[-122.68723,47.65035],[-122.71034,47.6106],[-122.62366,47.56588],[-122.69879,47.52613],[-122.54853,47.59072],[-122.49652,47.51371],[-122.58899,47.33733],[-122.54853,47.28516],[-122.69879,47.28267],[-122.62366,47.37211],[-122.62944,47.41186],[-122.73346,47.34478],[-122.76813,47.16591],[-122.82592,47.40689],[-122.83748,47.32491],[-122.92417,47.28267],[-122.93572,47.20566],[-122.99929,47.20069],[-123.00507,47.21063],[-123.06286,47.20566],[-123.01663,47.26032],[-123.09753,47.20815],[-122.99351,47.19324],[-122.93572,47.19821],[-122.96462,47.1684],[-123.0513,47.15349],[-123.08598,47.13362],[-123.01663,47.15101],[-123.02241,47.1212],[-123.0513,47.1212],[-123.0802,47.10878],[-123.08598,47.09884],[-123.08598,47.09635],[-123.01085,47.11623],[-122.9415,47.18082],[-123.01663,47.06158],[-122.92417,47.14604],[-122.93572,47.07897],[-122.89527,47.04667],[-122.90683,47.13859],[-122.84326,47.16343],[-122.8606,47.1212],[-122.82014,47.09387],[-122.81437,47.17834],[-122.73346,47.07151],[-122.58321,47.18827],[-122.5312,47.29261],[-122.54853,47.31745],[-122.37517,47.25535],[-122.44451,47.30503],[-122.32316,47.34975],[-122.4214,47.57582],[-122.34049,47.60314],[-122.43873,47.66277],[-122.39828,47.80437],[-122.3116,47.94597],[-122.14979,48.01553],[-122.34627,48.1],[-122.3925,48.22918],[-122.47919,48.18446],[-122.35783,48.05528],[-122.51386,48.13726],[-122.5312,48.24905],[-122.39828,48.24905],[-122.36361,48.30867],[-122.55431,48.44531],[-122.65256,48.40804],[-122.70457,48.49748],[-122.47341,48.45276],[-122.56009,48.58443],[-122.42718,48.59933],[-122.50808,48.66889],[-122.48497,48.75087],[-122.58321,48.78814],[-122.67567,48.73348],[-122.64678,48.78317],[-122.79703,48.89248],[-122.7508,48.93471],[-122.82592,48.94464],[-122.75658,49.00178],[-120.84953,48.9993],[-120.65882,48.72603]]],[[[-123.08598,48.97197],[-123.09176,49.00178],[-123.02241,48.97694],[-123.06864,48.97942],[-123.08598,48.97197]]],[[[-122.60632,48.64157],[-122.71612,48.71609],[-122.71612,48.74839],[-122.62944,48.67883],[-122.60632,48.64157]]],[[[-123.03974,48.67634],[-123.07442,48.6987],[-123.01085,48.72106],[-123.00507,48.69622],[-123.03974,48.67634]]],[[[-122.61788,48.69373],[-122.62944,48.69622],[-122.65256,48.71361],[-122.62366,48.71858],[-122.61788,48.69373]]],[[[-122.88949,48.5894],[-123.03397,48.62418],[-122.95306,48.71361],[-122.74502,48.66144],[-122.8317,48.59933],[-122.90683,48.69373],[-122.88949,48.5894]]],[[[-123.18422,48.65647],[-123.21889,48.67386],[-123.23623,48.68877],[-123.17266,48.68131],[-123.18422,48.65647]]],[[[-123.10909,48.63411],[-123.13799,48.6366],[-123.1611,48.64902],[-123.11487,48.63908],[-123.10909,48.63411]]],[[[-122.66411,48.60679],[-122.69879,48.61672],[-122.69879,48.62169],[-122.67567,48.62914],[-122.66411,48.60679]]],[[[-122.96462,48.45276],[-123.13221,48.49748],[-123.16688,48.60679],[-123.01085,48.55958],[-122.96462,48.45276]]],[[[-123.18422,48.58443],[-123.20156,48.60182],[-123.17844,48.62169],[-123.17266,48.60182],[-123.18422,48.58443]]],[[[-122.7219,48.53971],[-122.73924,48.58443],[-122.71034,48.60679],[-122.66989,48.56704],[-122.7219,48.53971]]],[[[-122.98773,48.59436],[-123.00507,48.59436],[-122.99351,48.60182],[-122.98773,48.59436]]],[[[-122.94728,48.54716],[-122.97618,48.55213],[-123.01663,48.57946],[-122.90105,48.57946],[-122.94728,48.54716]]],[[[-122.641,48.5248],[-122.64678,48.5894],[-122.57165,48.52977],[-122.59477,48.53723],[-122.641,48.5248]]],[[[-122.80281,48.53226],[-122.82592,48.55462],[-122.81437,48.58691],[-122.76813,48.5571],[-122.80281,48.53226]]],[[[-122.87793,48.41798],[-122.94728,48.46518],[-122.88371,48.57201],[-122.85482,48.44779],[-122.80281,48.44779],[-122.87793,48.41798]]],[[[-122.82592,48.48257],[-122.81437,48.49748],[-122.83748,48.51487],[-122.79125,48.5248],[-122.82592,48.48257]]],[[[-122.8317,48.48506],[-122.8317,48.49499],[-122.82592,48.49003],[-122.8317,48.48506]]],[[[-122.38095,47.90374],[-122.47919,47.99566],[-122.54853,47.96833],[-122.6121,48.15465],[-122.76236,48.21676],[-122.66411,48.40059],[-122.5023,48.29874],[-122.73346,48.23166],[-122.60632,48.20682],[-122.54276,48.01553],[-122.52542,48.09751],[-122.37517,48.03541],[-122.38095,47.90374]]],[[[-122.57743,48.39562],[-122.57743,48.39811],[-122.56009,48.40308],[-122.56009,48.39811],[-122.57743,48.39562]]],[[[-122.94728,48.11987],[-122.92994,48.13229],[-122.91261,48.12732],[-122.9415,48.11987],[-122.94728,48.11987]]],[[[-122.69301,48.00808],[-122.7219,48.02547],[-122.7508,48.07267],[-122.69879,48.01802],[-122.69301,48.10496],[-122.69301,48.00808]]],[[[-122.30004,48.00559],[-122.32316,48.00808],[-122.33471,48.0205],[-122.32893,48.02298],[-122.30004,48.00559]]],[[[-122.51386,47.57333],[-122.59477,47.66277],[-122.54853,47.72239],[-122.5023,47.69506],[-122.51386,47.57333]]],[[[-122.48497,47.5311],[-122.49652,47.5311],[-122.50808,47.54352],[-122.48497,47.54352],[-122.48497,47.5311]]],[[[-122.49075,47.32988],[-122.52542,47.39695],[-122.47341,47.51123],[-122.37517,47.38701],[-122.45607,47.3423],[-122.43296,47.38701],[-122.46185,47.40192],[-122.49075,47.32988]]],[[[-122.82592,47.33484],[-122.82014,47.34727],[-122.82014,47.34478],[-122.82592,47.33484]]],[[[-122.66411,47.32491],[-122.67567,47.32739],[-122.65833,47.32988],[-122.66411,47.32491]]],[[[-122.8317,47.31497],[-122.82592,47.33236],[-122.82014,47.32988],[-122.82592,47.31994],[-122.8317,47.31497]]],[[[-122.87793,47.16343],[-122.92417,47.24541],[-122.84904,47.30006],[-122.84326,47.21063],[-122.87793,47.16343]]],[[[-122.6121,47.21808],[-122.66989,47.27025],[-122.66989,47.27771],[-122.58899,47.23299],[-122.6121,47.21808]]],[[[-122.83748,47.25535],[-122.83748,47.27025],[-122.82592,47.27025],[-122.83748,47.25535]]],[[[-122.66989,47.19076],[-122.71612,47.20069],[-122.72768,47.20815],[-122.67567,47.23051],[-122.66989,47.19076]]],[[[-122.88949,47.1684],[-122.92417,47.19573],[-122.92417,47.22554],[-122.90105,47.19324],[-122.88949,47.1684]]],[[[-122.69879,47.12368],[-122.74502,47.15101],[-122.70457,47.18827],[-122.67567,47.17337],[-122.69879,47.12368]]],[[[-122.641,47.14852],[-122.62944,47.1684],[-122.62944,47.16343],[-122.641,47.14852]]],[[[-123.9586,46.40821],[-123.99905,46.46038],[-123.98749,46.49765],[-123.94704,46.46535],[-123.9586,46.40821]]]]}},{"type":"Feature","properties":{"dma_code":657,"name":"Sherman, TX-Ada, OK","latitude":34.181478,"longitude":-96.2499835},"geometry":{"type":"Polygon","coordinates":[[[-95.31238,33.88009],[-95.54353,33.88009],[-95.59554,33.94219],[-95.76891,33.84531],[-95.9365,33.88754],[-96.14454,33.83786],[-96.17922,33.75836],[-96.38148,33.72606],[-96.38726,33.39814],[-96.94204,33.41553],[-96.94204,33.94965],[-97.08651,33.85525],[-97.04606,33.81798],[-97.12696,33.71613],[-97.19053,33.76084],[-97.20787,33.91487],[-97.38124,33.81798],[-97.48526,33.91735],[-97.56039,33.89748],[-97.56039,34.50612],[-97.35234,34.50612],[-97.35234,34.37694],[-96.87847,34.33222],[-96.82646,34.59307],[-96.93048,34.59307],[-96.93048,34.96571],[-96.72822,34.8564],[-96.69354,34.93341],[-96.52595,34.86882],[-96.4046,34.93341],[-96.4046,34.76697],[-96.09253,34.76697],[-96.09253,34.68002],[-95.88449,34.68002],[-95.88449,34.59307],[-95.51464,34.59307],[-95.51464,34.68002],[-94.93674,34.68002],[-94.93674,34.50612],[-95.04654,34.50612],[-95.04654,34.24279],[-95.15057,34.24279],[-95.15634,33.93723],[-95.23147,33.96207],[-95.31238,33.88009]]]}},{"type":"Feature","properties":{"dma_code":612,"name":"Shreveport, LA","latitude":32.820852,"longitude":-94.0138375},"geometry":{"type":"Polygon","coordinates":[[[-94.5091,31.97466],[-94.60157,31.97218],[-94.49177,32.3945],[-94.69981,32.42183],[-94.67091,32.8367],[-94.72292,32.90377],[-95.15057,32.90129],[-95.12745,33.39069],[-95.3066,33.38075],[-95.31238,33.88009],[-95.23147,33.96207],[-95.15634,33.93723],[-95.15057,34.24279],[-95.04654,34.24279],[-95.04654,34.50612],[-94.46287,34.50861],[-94.46865,34.19062],[-94.24327,34.19311],[-94.25483,34.35458],[-93.93699,34.34961],[-93.92543,34.18565],[-93.82141,34.18317],[-93.82141,34.00927],[-93.37065,33.9571],[-93.27819,33.83537],[-93.10482,33.77823],[-93.11638,33.38075],[-92.97768,33.37827],[-92.98924,33.01805],[-92.72341,33.01557],[-92.72341,32.75969],[-92.82743,32.75969],[-92.87944,32.60069],[-92.87944,32.45412],[-92.77542,32.45412],[-92.77542,32.23551],[-92.81587,32.14607],[-92.93723,32.14856],[-92.87366,31.94485],[-92.97768,31.71381],[-92.71763,31.52501],[-92.76386,31.47532],[-92.94879,31.34614],[-93.38799,31.36353],[-93.57869,31.16728],[-94.04101,31.13498],[-93.98322,31.56973],[-94.3993,31.65419],[-94.5091,31.97466]]]}},{"type":"Feature","properties":{"dma_code":624,"name":"Sioux City, IA","latitude":42.621459,"longitude":-96.376337},"geometry":{"type":"Polygon","coordinates":[[[-94.44553,42.90789],[-94.91363,42.91038],[-94.85584,42.20981],[-95.67067,42.2123],[-95.67067,41.86202],[-96.13877,41.86699],[-96.13299,41.97381],[-96.27168,42.04834],[-96.55485,42.01604],[-96.55485,42.09057],[-97.01716,42.09057],[-97.01716,41.74277],[-97.832,41.74277],[-97.832,42.43837],[-98.30587,42.43588],[-98.31165,42.88305],[-98.01114,42.76132],[-97.84355,42.86814],[-97.30611,42.86814],[-96.80334,42.70418],[-96.80334,43.08427],[-96.43927,43.11409],[-96.55485,43.26066],[-95.3875,43.25569],[-95.3875,43.49915],[-95.03499,43.50163],[-94.91363,43.50163],[-94.91363,43.25569],[-94.44553,43.25569],[-94.44553,42.90789]]]}},{"type":"Feature","properties":{"dma_code":725,"name":"Sioux Falls (Mitchell), SD","latitude":44.0133785,"longitude":-98.735199},"geometry":{"type":"Polygon","coordinates":[[[-101.4265,42.09305],[-102.03907,42.09554],[-102.0853,42.99981],[-101.23001,42.99732],[-101.23001,43.79477],[-101.06242,43.84197],[-101.04509,43.996],[-101.04509,44.16741],[-101.16645,44.16741],[-101.13755,44.74624],[-100.73302,44.76363],[-100.69835,44.82823],[-100.5481,44.76115],[-100.42096,44.84313],[-100.41518,45.00212],[-100.27649,45.022],[-100.3285,45.09404],[-100.25915,45.24061],[-100.31694,45.31762],[-100.27649,45.38222],[-100.48453,45.55114],[-99.71593,45.59338],[-99.71593,45.94117],[-96.56063,45.93621],[-96.58374,45.81945],[-96.85535,45.6058],[-96.69354,45.41699],[-96.45083,45.30023],[-96.45083,44.63197],[-96.09253,44.62948],[-96.08098,44.19722],[-95.46263,44.19474],[-95.45685,43.50163],[-95.3875,43.49915],[-95.3875,43.25569],[-96.55485,43.26066],[-96.43927,43.11409],[-96.80334,43.08427],[-96.80334,42.70418],[-97.30611,42.86814],[-97.84355,42.86814],[-98.03426,42.7638],[-98.49657,42.99732],[-100.19558,42.99732],[-100.16669,42.0856],[-101.4265,42.09305]]]}},{"type":"Feature","properties":{"dma_code":588,"name":"South Bend-Elkhart, IN","latitude":41.576527,"longitude":-86.062314},"geometry":{"type":"Polygon","coordinates":[[[-86.5226,41.43224],[-86.48793,41.57136],[-86.5226,41.76016],[-86.82311,41.76016],[-86.61507,41.8968],[-86.36657,42.24211],[-86.2221,42.24459],[-86.2221,42.0707],[-85.76556,42.06821],[-85.78868,41.76016],[-85.19923,41.76016],[-85.19345,41.52664],[-85.65576,41.52416],[-85.68466,41.04718],[-86.17009,40.9975],[-86.17009,40.91055],[-86.93291,40.91303],[-86.93291,41.23598],[-86.64396,41.43224],[-86.5226,41.43224]]]}},{"type":"Feature","properties":{"dma_code":881,"name":"Spokane, WA","latitude":47.0398515,"longitude":-117.603633},"geometry":{"type":"Polygon","coordinates":[[[-114.66606,45.47165],[-114.79897,45.49649],[-114.59093,45.29775],[-114.69495,45.1959],[-115.9721,45.22074],[-116.14547,45.10646],[-116.30728,45.10895],[-116.34195,45.26794],[-116.68869,45.26794],[-116.78115,45.07914],[-117.26658,45.08162],[-117.26658,45.16608],[-117.47462,45.16608],[-117.7289,45.51388],[-117.78669,45.69026],[-117.74623,45.86168],[-117.97739,45.86168],[-117.98895,46.20699],[-118.24322,46.29394],[-118.20855,46.73862],[-119.37012,46.73614],[-119.37589,46.67651],[-119.51459,46.7262],[-119.82665,46.62435],[-119.94223,46.67403],[-119.92489,46.81315],[-120.04047,47.07151],[-120.0058,47.31994],[-119.87866,47.4367],[-119.53193,47.44167],[-119.53193,47.52862],[-119.31811,47.62799],[-119.21408,47.88883],[-118.95403,48.0205],[-119.13318,48.15217],[-119.347,48.05031],[-119.50881,48.08012],[-119.61861,47.99566],[-119.77464,48.10496],[-119.896,48.05031],[-119.87288,47.96088],[-120.06359,47.96585],[-120.64726,48.39562],[-120.62993,48.49748],[-120.78596,48.62666],[-120.65882,48.72603],[-120.75706,48.94713],[-120.8842,48.97446],[-114.72962,49.00178],[-114.7354,48.81049],[-114.61405,48.75087],[-114.68917,48.70864],[-114.63716,48.65895],[-114.89144,48.65895],[-114.8452,48.22669],[-115.01857,48.22669],[-115.01279,48.01553],[-115.15727,48.01802],[-115.18616,47.91865],[-115.27862,47.89132],[-115.52712,47.90871],[-115.75828,48.26396],[-115.95476,48.14968],[-116.04722,48.21427],[-116.04722,47.97578],[-115.7236,47.69506],[-115.68893,47.59569],[-115.75828,47.54849],[-115.63114,47.47893],[-115.75828,47.42179],[-115.31908,47.25783],[-114.92611,46.91749],[-114.89721,46.80321],[-114.78741,46.78085],[-114.77008,46.69639],[-114.66606,46.73862],[-114.60249,46.63677],[-114.31932,46.64919],[-114.46957,46.26661],[-114.44646,46.16973],[-114.52736,46.14488],[-114.38867,45.88155],[-114.56781,45.77473],[-114.49847,45.70268],[-114.56204,45.5586],[-114.66606,45.47165]]]}},{"type":"Feature","properties":{"dma_code":619,"name":"Springfield, MO","latitude":37.1293385,"longitude":-92.5469955},"geometry":{"type":"Polygon","coordinates":[[[-91.45204,36.4985],[-91.45204,36.33454],[-91.56762,36.33702],[-91.56762,36.25007],[-92.15707,36.26001],[-92.19753,36.05879],[-92.30733,36.06127],[-92.30733,35.97432],[-92.41713,35.9768],[-92.41135,36.06375],[-92.94301,36.11592],[-92.94879,35.72589],[-93.5209,35.73335],[-93.44578,36.08114],[-93.58447,36.15567],[-93.6596,36.30224],[-93.86764,36.30721],[-93.86764,36.4985],[-94.07568,36.4985],[-94.05257,38.21512],[-93.5209,38.20767],[-93.51512,38.51323],[-93.17995,38.53311],[-93.07015,38.53062],[-93.07593,38.25984],[-93.01236,38.19028],[-92.6425,38.21264],[-92.51537,38.02135],[-91.63119,38.05116],[-91.63119,38.15302],[-91.52717,38.15302],[-91.52717,37.78783],[-91.30757,37.78783],[-91.31335,37.70088],[-91.15154,37.6984],[-91.15732,37.58909],[-91.31335,37.59406],[-91.31335,37.50462],[-91.20933,37.50214],[-91.15732,37.25371],[-91.01862,37.14441],[-91.01862,37.09472],[-91.21511,37.08727],[-91.22666,36.82642],[-91.11686,36.82394],[-91.12842,36.4985],[-91.45204,36.4985]]]}},{"type":"Feature","properties":{"dma_code":543,"name":"Springfield-Holyoke, MA","latitude":42.3856895,"longitude":-72.6017095},"geometry":{"type":"Polygon","coordinates":[[[-72.28329,42.72157],[-72.23128,42.66195],[-72.31218,42.34396],[-72.21394,42.31167],[-72.26595,42.18497],[-72.13304,42.16261],[-72.13304,42.03095],[-73.05189,42.04088],[-72.99988,42.31167],[-73.06922,42.38123],[-73.01144,42.37874],[-72.95365,42.63959],[-73.02299,42.74145],[-72.28329,42.72157]]]}},{"type":"Feature","properties":{"dma_code":638,"name":"St. Joseph, MO","latitude":40.055305,"longitude":-94.8792055},"geometry":{"type":"Polygon","coordinates":[[[-95.4164,40.04105],[-95.47997,40.24228],[-95.55509,40.26464],[-95.17946,40.26215],[-95.20258,40.57766],[-94.23171,40.57269],[-94.21438,40.38388],[-94.59579,40.38637],[-94.60735,40.03857],[-94.20282,40.0336],[-94.2086,39.74543],[-94.60157,39.74791],[-94.60157,39.53178],[-95.10433,39.53427],[-95.05232,39.6237],[-95.34127,39.65351],[-95.34127,39.99882],[-95.4164,40.04105]]]}},{"type":"Feature","properties":{"dma_code":609,"name":"St. Louis, MO","latitude":38.434253,"longitude":-90.169254},"geometry":{"type":"Polygon","coordinates":[[[-91.44048,39.31813],[-91.45782,39.4498],[-91.20355,39.59886],[-90.93772,39.40012],[-90.6141,39.39515],[-90.57942,39.52184],[-89.53343,39.52433],[-89.53343,39.34795],[-89.14047,39.34795],[-89.14047,39.21628],[-88.80529,39.21628],[-88.80529,38.91072],[-88.69549,38.91568],[-88.70127,38.47597],[-89.14624,38.47349],[-89.14624,38.21264],[-89.59122,38.22009],[-89.597,37.95428],[-89.67213,37.80274],[-89.8455,37.90459],[-90.146,37.64126],[-90.53319,37.64374],[-90.55053,37.27359],[-90.75279,37.2711],[-90.77013,37.604],[-91.15732,37.58909],[-91.15154,37.6984],[-91.31335,37.70088],[-91.30757,37.78783],[-91.52717,37.78783],[-91.52717,38.15302],[-91.64275,38.15302],[-91.64275,38.70452],[-91.41737,38.70949],[-91.41737,38.84613],[-91.26712,38.84364],[-91.26134,39.13927],[-91.41159,39.14175],[-91.44048,39.31813]]]}},{"type":"Feature","properties":{"dma_code":555,"name":"Syracuse, NY","latitude":42.9849975,"longitude":-76.1014455},"geometry":{"type":"Polygon","coordinates":[[[-76.72152,43.34264],[-76.42101,43.5215],[-76.23609,43.52896],[-76.18407,43.67801],[-76.02226,43.70782],[-75.77377,43.68795],[-75.75643,43.46933],[-75.53105,43.41965],[-75.22477,43.56125],[-75.21899,43.40226],[-75.38658,43.30289],[-75.2999,43.22588],[-75.42125,43.17371],[-75.30568,43.03459],[-75.34035,42.93522],[-75.24789,42.86814],[-75.25367,42.78368],[-75.88935,42.72406],[-75.86623,42.41601],[-76.29387,42.40607],[-76.24764,42.29676],[-76.41523,42.31912],[-76.41523,42.26198],[-76.69262,42.28434],[-76.69262,42.54767],[-76.89488,42.54271],[-76.98157,42.86317],[-76.96423,43.01223],[-76.71574,43.02465],[-76.72152,43.34264]]]}},{"type":"Feature","properties":{"dma_code":530,"name":"Tallahassee, FL-Thomasville, GA","latitude":30.462299,"longitude":-83.675708},"geometry":{"type":"Polygon","coordinates":[[[-84.73691,30.26549],[-84.64445,30.38722],[-84.93339,30.60583],[-84.77158,30.83687],[-84.73113,31.07039],[-84.92184,31.07287],[-84.91606,31.25671],[-84.53465,31.25671],[-84.54043,31.07784],[-83.79494,31.02567],[-83.57534,31.07784],[-83.19971,31.02567],[-83.16504,31.1474],[-83.04946,31.18467],[-82.67383,31.18467],[-82.4889,30.96357],[-82.41955,30.58099],[-82.72584,30.5636],[-82.64493,30.39467],[-82.79519,30.33753],[-82.76051,29.97483],[-82.89343,29.82826],[-83.32107,29.82329],[-83.36152,29.66927],[-83.47132,29.68914],[-83.67936,29.92266],[-83.99721,30.1065],[-84.33816,30.0742],[-84.39017,29.99719],[-84.34972,29.96986],[-84.63289,30.06675],[-84.73691,30.26549]]]}},{"type":"Feature","properties":{"dma_code":539,"name":"Tampa-St. Petersburg (Sarasota), FL","latitude":27.9989465,"longitude":-81.8973955},"geometry":{"type":"MultiPolygon","coordinates":[[[[-81.14241,27.64211],[-81.20598,27.49057],[-80.94592,27.20985],[-81.1713,27.20985],[-81.26954,27.03347],[-81.56427,27.03347],[-81.56427,27.34151],[-82.05548,27.33903],[-82.05548,27.03098],[-82.25774,27.03098],[-82.25774,26.94403],[-82.408,27.01111],[-82.37332,26.94652],[-82.47156,27.11296],[-82.44267,27.10303],[-82.50046,27.22724],[-82.54091,27.27196],[-82.54091,27.32164],[-82.57559,27.40611],[-82.69116,27.47318],[-82.56981,27.54771],[-82.62182,27.58746],[-82.47734,27.74645],[-82.39644,27.76632],[-82.41378,27.95264],[-82.4889,27.91786],[-82.47156,27.82346],[-82.53513,27.8334],[-82.52935,27.93774],[-82.69694,28.03711],[-82.73162,27.93277],[-82.58136,27.87811],[-82.67961,27.69428],[-82.75473,27.83837],[-82.8472,27.87563],[-82.82986,27.89799],[-82.82408,27.91786],[-82.82408,27.92283],[-82.8183,27.93028],[-82.80096,27.98991],[-82.78941,27.98245],[-82.77207,28.10667],[-82.80096,28.18616],[-82.66805,28.43459],[-82.63338,28.69544],[-82.63338,28.87927],[-82.77785,28.94138],[-82.75473,29.001],[-82.47156,29.05317],[-82.31553,28.97367],[-82.17106,28.79729],[-82.27508,28.6532],[-82.05548,28.52154],[-82.05548,28.31286],[-81.65673,28.34764],[-81.65673,28.25821],[-81.55849,28.25821],[-81.52382,28.14393],[-81.34467,28.08431],[-81.37934,28.01226],[-81.46025,28.03959],[-81.20598,27.82098],[-81.14241,27.64211]]],[[[-82.64493,28.85443],[-82.66227,28.88176],[-82.65649,28.88672],[-82.63915,28.87927],[-82.64493,28.86437],[-82.64493,28.85443]]],[[[-82.66227,28.86437],[-82.67383,28.86685],[-82.67383,28.87679],[-82.67383,28.87182],[-82.66227,28.86437]]],[[[-82.69116,28.81717],[-82.72584,28.85443],[-82.66805,28.86437],[-82.67383,28.83952],[-82.66227,28.83207],[-82.69116,28.81717]]],[[[-82.66227,28.82462],[-82.65649,28.82959],[-82.66805,28.84449],[-82.63915,28.84946],[-82.66227,28.82462]]],[[[-82.66227,28.79481],[-82.69116,28.79978],[-82.69116,28.80971],[-82.65649,28.82462],[-82.66227,28.79481]]],[[[-82.68539,28.78735],[-82.68539,28.79481],[-82.66805,28.79481],[-82.67383,28.78984],[-82.67383,28.78735],[-82.68539,28.78735]]],[[[-82.69116,28.76996],[-82.69694,28.7799],[-82.63915,28.78984],[-82.68539,28.7799],[-82.69116,28.76996]]],[[[-82.66227,28.75754],[-82.68539,28.75754],[-82.68539,28.76996],[-82.65649,28.76996],[-82.64493,28.7799],[-82.66227,28.75754]]],[[[-82.66805,28.71283],[-82.67383,28.72773],[-82.66227,28.73518],[-82.65071,28.72525],[-82.66805,28.71283]]],[[[-82.82408,28.0545],[-82.83564,28.06443],[-82.82986,28.08431],[-82.81252,28.06195],[-82.82408,28.0545]]],[[[-82.79519,28.05201],[-82.80096,28.05201],[-82.81252,28.05947],[-82.80096,28.05201],[-82.79519,28.05201]]],[[[-82.79519,28.05201],[-82.78363,28.05201],[-82.78941,28.04953],[-82.79519,28.05201]]],[[[-82.82408,28.00978],[-82.82986,28.01972],[-82.8183,28.04704],[-82.81252,28.03214],[-82.82408,28.00978]]],[[[-82.82408,27.96506],[-82.82986,27.96755],[-82.82986,28.01226],[-82.82986,27.97003],[-82.82408,27.96506]]],[[[-82.8183,27.98494],[-82.82408,27.99239],[-82.8183,27.99736],[-82.8183,27.98742],[-82.8183,27.98494]]],[[[-82.8183,27.98742],[-82.8183,27.99736],[-82.81252,27.98742],[-82.8183,27.98742]]],[[[-82.8183,27.98494],[-82.81252,27.98742],[-82.80674,27.96755],[-82.82408,27.97749],[-82.8183,27.98494]]],[[[-82.78363,27.78371],[-82.82986,27.82098],[-82.84142,27.84582],[-82.85298,27.87315],[-82.85298,27.88805],[-82.83564,27.96506],[-82.82408,27.9601],[-82.84142,27.93774],[-82.84142,27.91041],[-82.83564,27.90793],[-82.8472,27.90793],[-82.83564,27.90047],[-82.8472,27.90047],[-82.84142,27.8955],[-82.8472,27.89054],[-82.84142,27.89054],[-82.8472,27.87811],[-82.8472,27.87315],[-82.78363,27.78371]]],[[[-82.82986,27.91041],[-82.82986,27.91538],[-82.82408,27.91538],[-82.82986,27.91041]]],[[[-82.75473,27.739],[-82.78363,27.77874],[-82.77785,27.78371],[-82.76629,27.7862],[-82.75473,27.77874],[-82.77207,27.77626],[-82.75473,27.739]]],[[[-82.41378,27.76632],[-82.41378,27.76881],[-82.41378,27.77378],[-82.408,27.77378],[-82.41378,27.76632]]],[[[-82.76051,27.75887],[-82.76051,27.77129],[-82.75473,27.77129],[-82.75473,27.76632],[-82.76051,27.75887]]],[[[-82.75473,27.7539],[-82.74895,27.77129],[-82.74318,27.77129],[-82.74895,27.75887],[-82.75473,27.7539]]],[[[-82.76051,27.75887],[-82.74318,27.73403],[-82.73162,27.73403],[-82.74318,27.72906],[-82.72584,27.71167],[-82.7374,27.71912],[-82.7374,27.68186],[-82.74318,27.71912],[-82.76051,27.75887]]],[[[-82.74318,27.74645],[-82.74895,27.74893],[-82.74895,27.7539],[-82.74895,27.75142],[-82.74318,27.74645]]],[[[-82.6276,27.71912],[-82.63915,27.73651],[-82.6276,27.74148],[-82.6276,27.73403],[-82.6276,27.71912]]],[[[-82.73162,27.72161],[-82.73162,27.72409],[-82.72584,27.72409],[-82.73162,27.72161]]],[[[-82.7085,27.71415],[-82.69694,27.71912],[-82.69694,27.71664],[-82.7085,27.71415]]],[[[-82.71428,27.69428],[-82.72006,27.71415],[-82.7085,27.71664],[-82.7085,27.71167],[-82.71428,27.69428]]],[[[-82.69694,27.70919],[-82.69694,27.71167],[-82.70272,27.71415],[-82.69694,27.71415],[-82.69694,27.70919]]],[[[-82.69694,27.70919],[-82.70272,27.7067],[-82.7085,27.70919],[-82.69694,27.70919]]],[[[-82.73162,27.69428],[-82.7374,27.70173],[-82.72584,27.70919],[-82.73162,27.69676],[-82.73162,27.69428]]],[[[-82.71428,27.65205],[-82.73162,27.66695],[-82.72584,27.69428],[-82.72006,27.6918],[-82.71428,27.65205]]],[[[-82.7374,27.6123],[-82.7374,27.64459],[-82.69694,27.63963],[-82.70272,27.62472],[-82.7374,27.6123]]],[[[-82.75473,27.57503],[-82.76051,27.58],[-82.76629,27.58994],[-82.76051,27.60236],[-82.75473,27.57503]]],[[[-82.62182,27.52287],[-82.6276,27.53032],[-82.64493,27.5328],[-82.60448,27.54026],[-82.62182,27.52287]]],[[[-82.69116,27.44585],[-82.71428,27.50051],[-82.74895,27.53777],[-82.7085,27.52287],[-82.69116,27.44585]]],[[[-82.58714,27.32909],[-82.68539,27.43343],[-82.69116,27.44088],[-82.61604,27.37878],[-82.58714,27.32909]]],[[[-82.56981,27.2968],[-82.58714,27.32164],[-82.58714,27.32661],[-82.57559,27.33655],[-82.56981,27.2968]]],[[[-82.56403,27.32164],[-82.56403,27.32661],[-82.55825,27.32909],[-82.55825,27.32164],[-82.56403,27.32164]]],[[[-82.56403,27.31667],[-82.56403,27.31916],[-82.56403,27.32164],[-82.55825,27.32164],[-82.56403,27.31667]]],[[[-82.56403,27.31667],[-82.55825,27.31667],[-82.55825,27.3117],[-82.56403,27.31667]]],[[[-82.51202,27.20985],[-82.56981,27.27941],[-82.55825,27.30425],[-82.54669,27.30425],[-82.55247,27.29183],[-82.51202,27.20985]]],[[[-82.47156,27.11296],[-82.51202,27.20736],[-82.50046,27.18004],[-82.47734,27.14029],[-82.47156,27.11296]]]]}},{"type":"Feature","properties":{"dma_code":581,"name":"Terre Haute, IN","latitude":39.2814045,"longitude":-87.6904085},"geometry":{"type":"Polygon","coordinates":[[[-88.69549,38.91568],[-88.36031,38.91072],[-88.36031,39.17156],[-88.00779,39.17405],[-87.93844,39.87958],[-87.53392,39.88206],[-87.48769,40.14788],[-87.40678,40.128],[-87.43568,39.95659],[-87.08894,39.95411],[-87.08894,39.86716],[-87.00804,39.86716],[-87.01381,39.47464],[-86.93869,39.47216],[-86.94447,39.34298],[-87.05427,39.34298],[-87.05427,39.16908],[-86.68441,39.1666],[-86.68441,38.52566],[-87.42412,38.54056],[-87.74196,38.41386],[-87.6495,38.56789],[-88.70127,38.60515],[-88.69549,38.91568]]]}},{"type":"Feature","properties":{"dma_code":547,"name":"Toledo, OH","latitude":41.384993,"longitude":-83.7585085},"geometry":{"type":"MultiPolygon","coordinates":[[[[-83.88163,40.92048],[-84.33816,40.85838],[-84.40173,40.99004],[-84.34394,40.99004],[-84.34394,41.20866],[-84.80626,41.25337],[-84.80626,41.69557],[-84.36128,41.70551],[-84.36128,42.07318],[-83.77183,42.08312],[-83.76027,41.7229],[-83.45399,41.73284],[-82.93388,41.51422],[-82.83564,41.58875],[-82.7085,41.53658],[-83.0379,41.46454],[-82.8472,41.42976],[-82.82986,40.9975],[-83.11303,40.99253],[-83.11303,40.70187],[-83.44243,40.68696],[-83.49444,40.70187],[-83.49444,40.81863],[-83.88163,40.81863],[-83.88163,40.92048]]],[[[-82.80674,41.70551],[-82.83564,41.70799],[-82.83564,41.71048],[-82.81252,41.7229],[-82.80674,41.70551]]],[[[-82.81252,41.67073],[-82.82408,41.68564],[-82.81252,41.69309],[-82.77785,41.69557],[-82.81252,41.67073]]],[[[-82.82986,41.6906],[-82.82408,41.69309],[-82.82408,41.6906],[-82.82986,41.6906]]],[[[-82.8472,41.6757],[-82.85298,41.67818],[-82.85875,41.68067],[-82.8472,41.67818],[-82.8472,41.6757]]],[[[-82.84142,41.6285],[-82.83564,41.65582],[-82.79519,41.66576],[-82.82986,41.63347],[-82.84142,41.6285]]]]}},{"type":"Feature","properties":{"dma_code":605,"name":"Topeka, KS","latitude":39.0201515,"longitude":-96.5557205},"geometry":{"type":"Polygon","coordinates":[[[-95.95962,38.17041],[-96.35836,38.17289],[-96.35259,38.52069],[-96.93048,38.52317],[-96.89003,38.87097],[-96.96515,39.13182],[-97.36968,39.13182],[-97.36968,39.30571],[-97.93024,39.30571],[-97.93024,39.65351],[-97.36968,39.65351],[-97.36968,40.00131],[-95.34127,39.99882],[-95.34127,39.65351],[-95.56665,39.65351],[-95.57243,39.41999],[-95.17946,39.41999],[-95.18524,39.04487],[-95.50308,39.0548],[-95.52042,38.03874],[-95.95962,38.04122],[-95.95962,38.17041]]]}},{"type":"Feature","properties":{"dma_code":540,"name":"Traverse City-Cadillac, MI","latitude":45.119199,"longitude":-84.9520115},"geometry":{"type":"MultiPolygon","coordinates":[[[[-85.8638,46.69142],[-85.52285,46.67403],[-84.95651,46.77092],[-85.02586,46.69639],[-85.03164,46.48771],[-84.63289,46.48523],[-84.58088,46.41318],[-84.30349,46.48771],[-84.22258,46.29145],[-84.18213,46.24922],[-84.25148,46.17469],[-84.0261,46.13246],[-84.07233,46.09271],[-83.90474,45.96602],[-84.53465,45.9685],[-84.65601,46.05297],[-84.74847,45.83932],[-85.00852,46.00825],[-85.4246,46.10265],[-85.65576,45.96602],[-85.8638,45.9685],[-85.8638,46.69142]]],[[[-84.12434,46.31878],[-84.28615,46.47281],[-84.21681,46.53491],[-84.11856,46.51504],[-84.19369,46.42809],[-84.12434,46.31878]]],[[[-84.34394,46.49268],[-84.37284,46.50013],[-84.37862,46.50013],[-84.34394,46.50262],[-84.33238,46.49765],[-84.34394,46.49268]]],[[[-84.15324,46.21444],[-84.15324,46.22935],[-84.21103,46.28649],[-84.21103,46.32375],[-84.10123,46.25419],[-84.15324,46.21444]]],[[[-83.55223,45.91385],[-83.62735,45.95856],[-83.88163,45.97347],[-83.63313,46.10513],[-83.47132,45.98837],[-83.55223,45.91385]]],[[[-84.61555,45.84677],[-84.65023,45.85919],[-84.64445,45.88404],[-84.60977,45.86168],[-84.61555,45.84677]]],[[[-85.49395,45.77224],[-85.5344,45.79957],[-85.52863,45.82938],[-85.4535,45.7946],[-85.49395,45.77224]]],[[[-84.41907,45.72007],[-84.49997,45.73746],[-84.58666,45.81696],[-84.3555,45.77224],[-84.41907,45.72007]]],[[[-85.37837,45.76976],[-85.40149,45.77721],[-85.36104,45.81696],[-85.33792,45.7946],[-85.37837,45.76976]]],[[[-83.88163,45.20086],[-83.88741,44.50776],[-84.36706,44.50776],[-84.36706,44.15996],[-84.60977,44.15996],[-84.60399,43.81465],[-85.08943,43.81465],[-85.08365,43.46685],[-85.5633,43.46933],[-85.5633,43.81465],[-86.43014,43.81962],[-86.51682,44.0581],[-86.26833,44.34628],[-86.25677,44.69159],[-86.08918,44.74128],[-86.06607,44.90772],[-85.81179,44.94747],[-85.55174,45.2108],[-85.64998,44.863],[-85.59797,44.76612],[-85.47662,44.99219],[-85.57486,44.76115],[-85.52863,44.74873],[-85.38993,44.94747],[-85.36682,45.27539],[-84.91606,45.39215],[-85.11832,45.54121],[-84.94495,45.71014],[-85.0143,45.76231],[-84.73113,45.78715],[-84.47686,45.65548],[-84.21681,45.63561],[-84.07811,45.48655],[-83.48866,45.35986],[-83.39042,45.20832],[-83.88163,45.20086]]],[[[-85.5633,45.57102],[-85.63265,45.59835],[-85.60953,45.67287],[-85.56908,45.75982],[-85.49973,45.75485],[-85.48817,45.60828],[-85.5633,45.57102]]],[[[-85.69044,45.69523],[-85.70199,45.73746],[-85.69044,45.7474],[-85.63843,45.74243],[-85.69044,45.69523]]],[[[-86.0025,45.05429],[-86.06029,45.10398],[-86.04873,45.15863],[-85.97938,45.13876],[-86.0025,45.05429]]],[[[-86.13541,44.99715],[-86.14119,45.04187],[-86.11808,45.04932],[-86.07763,45.02945],[-86.13541,44.99715]]]]}},{"type":"Feature","properties":{"dma_code":531,"name":"Tri-Cities, TN-VA","latitude":36.732483,"longitude":-82.468517},"geometry":{"type":"MultiPolygon","coordinates":[[[[-81.37934,36.95312],[-81.26377,36.76432],[-81.54116,36.70221],[-81.67985,36.58793],[-81.70874,36.33454],[-81.85322,36.33702],[-82.0786,36.1035],[-82.21151,36.15816],[-82.35599,36.11592],[-82.55825,35.95445],[-82.63338,36.06624],[-82.80674,35.92712],[-82.89921,35.94451],[-83.17082,36.15567],[-83.08413,36.2451],[-83.15348,36.34199],[-83.27484,36.31963],[-83.28062,36.39416],[-83.12459,36.51092],[-82.82986,36.5929],[-83.67359,36.60035],[-83.13614,36.74196],[-83.07257,36.85375],[-82.87609,36.88853],[-82.85298,36.9556],[-82.93966,37.01523],[-83.15348,36.9556],[-83.05524,37.01771],[-83.04946,37.16925],[-82.8183,37.26862],[-82.56403,37.19658],[-82.35599,37.26614],[-81.9688,37.53692],[-81.92834,37.36054],[-81.74342,37.25371],[-81.89945,37.13944],[-81.77809,36.95809],[-81.47181,37.01771],[-81.37934,36.95312]]],[[[-83.20549,37.1767],[-83.16504,37.06739],[-83.40775,36.89101],[-83.51177,36.93821],[-83.55223,37.16677],[-83.3962,37.32079],[-83.20549,37.1767]]]]}},{"type":"Feature","properties":{"dma_code":789,"name":"Tucson (Sierra Vista), AZ","latitude":31.923023,"longitude":-111.1907555},"geometry":{"type":"Polygon","coordinates":[[[-109.04892,32.4268],[-109.04892,31.33372],[-111.07733,31.33124],[-113.33112,32.03925],[-113.33112,32.50381],[-110.45321,32.51375],[-110.45321,32.4268],[-109.04892,32.4268]]]}},{"type":"Feature","properties":{"dma_code":671,"name":"Tulsa, OK","latitude":35.9900205,"longitude":-95.7685615},"geometry":{"type":"Polygon","coordinates":[[[-95.51464,34.68002],[-95.51464,34.59307],[-95.7458,34.59307],[-95.88449,34.59307],[-95.88449,34.68002],[-96.09253,34.68002],[-96.08675,35.05018],[-95.98273,35.15203],[-95.98273,35.28866],[-96.43927,35.29115],[-96.43927,35.46753],[-96.6242,35.40046],[-96.6242,36.16064],[-96.82068,36.15816],[-96.82068,36.24759],[-97.0345,36.33454],[-97.0345,36.50595],[-96.89003,36.57551],[-97.05762,36.5929],[-97.0634,36.68233],[-96.75133,36.7817],[-96.75133,36.99784],[-96.52595,36.99784],[-96.52595,37.3034],[-95.9654,37.29843],[-95.9654,37.38538],[-95.52042,37.3829],[-95.52042,37.00032],[-95.00609,37.00032],[-95.00031,36.66991],[-94.6189,36.66743],[-94.47443,35.63894],[-95.12745,35.63894],[-95.087,35.46256],[-94.81539,35.32344],[-94.81539,35.20172],[-94.92519,35.20172],[-94.92519,34.94335],[-95.0581,34.85392],[-95.0581,34.68002],[-95.51464,34.68002]]]}},{"type":"Feature","properties":{"dma_code":760,"name":"Twin Falls, ID","latitude":42.994495,"longitude":-114.043651},"geometry":{"type":"Polygon","coordinates":[[[-113.00172,41.99865],[-115.03591,41.99617],[-115.08792,43.19855],[-114.37711,43.19855],[-114.39445,43.32525],[-114.53314,43.3327],[-114.5158,43.49169],[-114.68339,43.59106],[-114.70073,43.80471],[-114.97234,43.84943],[-114.97234,43.93886],[-114.81631,43.99351],[-114.81631,43.92892],[-114.56204,43.84446],[-114.48691,43.90408],[-114.29043,43.88669],[-114.1055,43.7426],[-114.00148,43.76496],[-113.80499,43.57119],[-113.70097,43.58361],[-113.59117,43.46685],[-113.6374,43.36748],[-113.36002,43.36748],[-113.36002,43.2855],[-113.0075,43.2855],[-113.0075,43.1116],[-113.24444,43.1116],[-113.24444,42.84827],[-113.23866,42.76132],[-113.18087,42.76132],[-113.23866,42.62469],[-113.00172,42.58742],[-113.00172,41.99865]]]}},{"type":"Feature","properties":{"dma_code":709,"name":"Tyler-Longview(Lufkin & Nacogdoches), TX","latitude":32.1070105,"longitude":-94.8806935},"geometry":{"type":"Polygon","coordinates":[[[-94.84428,31.1474],[-95.20258,30.82445],[-95.24881,30.90643],[-95.39906,30.85923],[-95.43373,31.05797],[-95.636,30.9263],[-95.68223,30.98592],[-95.63022,31.05052],[-95.77469,31.12007],[-95.65333,31.32378],[-95.74002,31.50265],[-95.65333,31.5424],[-95.27192,31.59208],[-95.26037,31.60947],[-95.44529,31.84299],[-95.44529,32.35227],[-95.59554,32.47897],[-95.66489,32.96091],[-95.3066,32.9634],[-95.30082,33.38324],[-95.12745,33.39069],[-95.15057,32.90129],[-94.72292,32.90377],[-94.67091,32.8367],[-94.69981,32.42183],[-94.49177,32.3945],[-94.60157,31.97218],[-94.5091,31.97466],[-94.3993,31.65668],[-93.98322,31.56973],[-94.04101,31.12007],[-94.56111,31.05797],[-94.84428,31.1474]]]}},{"type":"Feature","properties":{"dma_code":526,"name":"Utica, NY","latitude":43.205527,"longitude":-75.026249},"geometry":{"type":"Polygon","coordinates":[[[-75.41548,42.31415],[-75.40392,42.50793],[-75.24211,42.83336],[-75.42125,43.17371],[-75.2999,43.22588],[-75.38658,43.30289],[-75.21899,43.40226],[-75.22477,43.56125],[-75.10919,43.61591],[-75.17276,44.09785],[-74.85492,44.07053],[-74.77401,43.48672],[-74.86648,43.34015],[-74.71044,43.2855],[-74.76245,42.86317],[-74.64688,42.8284],[-74.62954,42.62717],[-74.71044,42.51786],[-75.41548,42.31415]]]}},{"type":"Feature","properties":{"dma_code":626,"name":"Victoria, TX","latitude":28.805652,"longitude":-96.973793},"geometry":{"type":"Polygon","coordinates":[[[-96.89003,28.50663],[-97.16164,28.55135],[-97.16164,28.78239],[-97.20209,28.85443],[-97.30611,28.84698],[-96.97671,29.10286],[-96.83224,29.02087],[-96.64153,28.71779],[-96.93048,28.58613],[-96.89003,28.50663]]]}},{"type":"Feature","properties":{"dma_code":625,"name":"Waco-Temple-Bryan, TX","latitude":31.0795205,"longitude":-97.3521605},"geometry":{"type":"Polygon","coordinates":[[[-95.65333,31.32378],[-95.77469,31.12007],[-95.63022,31.05052],[-95.68223,30.98592],[-95.61288,30.91885],[-96.16766,30.82196],[-96.19078,30.59838],[-96.08098,30.43193],[-96.1561,30.33008],[-96.19655,30.39716],[-96.67621,30.2953],[-96.96515,30.55615],[-97.15586,30.45678],[-97.27144,30.73501],[-97.82622,30.9114],[-97.9129,31.03561],[-98.43878,31.03064],[-98.44456,30.92133],[-99.0918,30.92133],[-99.0918,31.46042],[-98.77974,31.60947],[-98.76241,31.68897],[-98.49079,31.72375],[-98.2712,31.4157],[-97.68752,31.71133],[-97.60662,31.58712],[-97.0345,31.86287],[-96.93048,31.70884],[-96.71666,31.81567],[-96.49706,31.79579],[-96.23701,31.41322],[-95.74002,31.65419],[-95.74002,31.50514],[-95.65333,31.32378]]]}},{"type":"Feature","properties":{"dma_code":511,"name":"Washington, DC (Hagerstown, MD)","latitude":39.127683,"longitude":-77.904362},"geometry":{"type":"MultiPolygon","coordinates":[[[[-76.87755,38.12569],[-77.0278,38.09091],[-77.06247,38.16047],[-77.33986,38.25239],[-77.65771,37.99154],[-77.95243,38.11824],[-77.70972,38.36666],[-77.89464,38.38902],[-78.10268,38.31201],[-78.12002,38.44119],[-78.33962,38.62751],[-78.48409,38.42132],[-78.54766,38.42629],[-78.69214,38.51075],[-78.64013,38.60515],[-78.99264,38.85109],[-79.05621,38.76166],[-79.35671,38.96537],[-79.3047,39.20883],[-79.46651,39.17902],[-79.48963,39.20634],[-79.114,39.43241],[-78.92907,39.72307],[-78.38007,39.72307],[-78.13158,40.16527],[-77.85997,40.06093],[-77.66926,40.28948],[-77.45544,39.9715],[-77.46122,39.72059],[-77.21851,39.72059],[-77.31097,39.6386],[-77.10871,39.49203],[-77.1665,39.31317],[-76.6984,38.98276],[-76.6984,38.74924],[-76.53081,38.71198],[-76.5077,38.51075],[-76.38056,38.38405],[-76.42101,38.31946],[-76.48458,38.3294],[-76.48458,38.44368],[-76.5077,38.38902],[-76.64639,38.46852],[-76.66951,38.61757],[-76.70418,38.49833],[-76.51347,38.32443],[-76.37478,38.2971],[-76.32277,38.03626],[-76.41523,38.10582],[-76.43257,38.12072],[-76.44413,38.15053],[-76.40367,38.16047],[-76.40945,38.17289],[-76.44991,38.21264],[-76.46146,38.12817],[-76.5077,38.17041],[-76.53081,38.13314],[-76.55393,38.21015],[-76.68684,38.23251],[-76.62905,38.25984],[-76.62905,38.28468],[-76.72152,38.23251],[-76.6984,38.28468],[-76.72152,38.31201],[-76.77931,38.22754],[-76.80242,38.35921],[-76.918,38.39399],[-76.83132,38.27475],[-77.01624,38.35921],[-77.07403,38.30704],[-76.96423,38.25736],[-77.01046,38.20022],[-76.76775,38.16792],[-76.73307,38.09836],[-76.6984,38.16047],[-76.65217,38.09588],[-76.64639,38.14805],[-76.61172,38.14805],[-76.51925,38.04371],[-76.64061,37.9667],[-76.87755,38.12569]]],[[[-76.84287,38.25487],[-76.84865,38.25736],[-76.86599,38.26978],[-76.84287,38.26481],[-76.84287,38.25487]]],[[[-76.47302,38.10333],[-76.4788,38.11575],[-76.49614,38.13314],[-76.49614,38.13563],[-76.47302,38.11824],[-76.47302,38.10333]]]]}},{"type":"Feature","properties":{"dma_code":549,"name":"Watertown, NY","latitude":44.217164,"longitude":-75.4894475},"geometry":{"type":"MultiPolygon","coordinates":[[[[-74.6411,44.95244],[-74.53708,44.10034],[-75.06296,44.05065],[-75.17276,44.09785],[-75.10919,43.61591],[-75.53105,43.41965],[-75.75643,43.46933],[-75.77377,43.68795],[-76.20141,43.6805],[-76.29965,43.85688],[-76.21297,43.9016],[-76.20719,43.84943],[-76.0685,43.96867],[-76.20719,43.97612],[-76.12629,44.06307],[-76.27654,44.05314],[-76.20141,44.02581],[-76.27654,43.96122],[-76.29387,44.0581],[-76.36322,44.11276],[-75.86623,44.35125],[-75.7391,44.53508],[-75.41548,44.77357],[-74.9705,44.98225],[-74.80291,45.01454],[-74.6411,44.95244]],[[-76.06272,44.25188],[-76.05116,44.25685],[-76.05116,44.25933],[-76.0685,44.25188],[-76.06272,44.25188]],[[-76.08005,44.24442],[-76.07427,44.24691],[-76.08005,44.24691],[-76.08005,44.24442]]],[[[-76.02804,44.28417],[-76.05694,44.3264],[-75.91824,44.36864],[-75.94136,44.3264],[-76.02804,44.28417]]],[[[-76.13206,44.24939],[-76.1494,44.28666],[-76.07427,44.3115],[-76.08005,44.27423],[-76.13206,44.24939]]],[[[-76.05694,44.28417],[-76.05116,44.29162],[-76.04538,44.29659],[-76.04538,44.28914],[-76.05694,44.28417]]],[[[-76.30543,44.16741],[-76.31121,44.1699],[-76.31121,44.17983],[-76.29387,44.18977],[-76.26498,44.17983],[-76.30543,44.16741]]],[[[-76.37478,44.03326],[-76.369,44.05065],[-76.34011,44.05314],[-76.35166,44.03823],[-76.37478,44.03326]]],[[[-76.32277,44.03078],[-76.34011,44.03326],[-76.32855,44.0432],[-76.31699,44.05065],[-76.32277,44.03078]]],[[[-76.44413,43.88669],[-76.40945,43.91899],[-76.37478,43.92147],[-76.40367,43.9016],[-76.44413,43.88669]]],[[[-76.35744,43.87924],[-76.34589,43.89414],[-76.31699,43.90408],[-76.31121,43.91402],[-76.29965,43.91899],[-76.32855,43.88172],[-76.35744,43.87924]]]]}},{"type":"Feature","properties":{"dma_code":705,"name":"Wausau-Rhinelander, WI","latitude":44.9711405,"longitude":-89.6752625},"geometry":{"type":"Polygon","coordinates":[[[-89.597,43.98109],[-89.60278,43.64323],[-89.78771,43.64323],[-90.02464,44.06804],[-89.90329,44.24939],[-90.31937,44.24939],[-90.31359,45.03442],[-90.92616,45.03193],[-90.92616,45.37973],[-90.67766,45.37725],[-90.67766,45.98092],[-89.9264,45.98092],[-89.9264,46.29891],[-88.68393,46.01322],[-88.67815,45.72256],[-88.42388,45.72256],[-88.42966,45.37725],[-88.67815,45.37973],[-88.64348,45.1164],[-88.98443,45.11888],[-88.98443,45.02945],[-89.22137,45.02945],[-89.22715,44.24442],[-89.597,44.24691],[-89.597,43.98109]]]}},{"type":"Feature","properties":{"dma_code":548,"name":"West Palm Beach-Ft. Pierce, FL","latitude":27.096694,"longitude":-80.6271745},"geometry":{"type":"MultiPolygon","coordinates":[[[[-80.31024,27.4856],[-80.36225,27.66944],[-80.44893,27.86072],[-80.38537,27.74148],[-80.28712,27.47318],[-80.31024,27.4856]]],[[[-80.8708,27.14774],[-81.21176,27.52783],[-81.14241,27.64211],[-80.8708,27.64211],[-80.88236,27.82346],[-80.48939,27.85327],[-80.39115,27.68434],[-80.31602,27.42846],[-80.18888,27.17507],[-80.212,27.21482],[-80.3218,27.23966],[-80.25823,27.15519],[-80.21778,27.20488],[-80.19466,27.18004],[-80.20044,27.17258],[-80.20044,27.17507],[-80.20044,27.17258],[-80.20622,27.17258],[-80.19466,27.16513],[-80.19466,27.16265],[-80.20044,27.15271],[-80.19466,27.14526],[-80.15999,27.16265],[-80.05019,26.86454],[-80.0733,26.33539],[-80.88236,26.3329],[-80.8708,27.14774]]],[[[-80.41426,27.7539],[-80.42004,27.7539],[-80.42004,27.76135],[-80.41426,27.76135],[-80.41426,27.7539]]],[[[-80.39692,27.72409],[-80.41426,27.739],[-80.41426,27.75639],[-80.39692,27.73403],[-80.39692,27.72409]]],[[[-80.39115,27.71167],[-80.39692,27.71912],[-80.39115,27.72161],[-80.39115,27.71664],[-80.39115,27.71167]]],[[[-80.15421,27.1701],[-80.25823,27.34897],[-80.2929,27.46076],[-80.31602,27.46076],[-80.29868,27.4707],[-80.28712,27.4707],[-80.15421,27.1701]]],[[[-80.04441,26.56146],[-80.04441,26.56643],[-80.03863,26.56643],[-80.04441,26.56146]]]]}},{"type":"Feature","properties":{"dma_code":554,"name":"Wheeling, WV-Steubenville, OH","latitude":39.96655,"longitude":-81.0435735},"geometry":{"type":"Polygon","coordinates":[[[-81.69719,39.75536],[-81.66829,40.22241],[-81.33889,40.21495],[-81.26954,40.43357],[-80.94014,40.42363],[-80.85924,40.60001],[-80.51828,40.63976],[-80.51828,39.72059],[-80.40848,39.7181],[-80.39115,39.64357],[-80.49517,39.5765],[-80.51828,39.4349],[-80.71477,39.42993],[-80.88813,39.29329],[-80.90547,39.37776],[-81.00949,39.34546],[-81.02683,39.46719],[-81.11929,39.45725],[-81.03839,39.57153],[-81.45447,39.64606],[-81.47181,39.58395],[-81.58739,39.58644],[-81.6394,39.75288],[-81.69719,39.75536]]]}},{"type":"Feature","properties":{"dma_code":627,"name":"Wichita Falls, TX-Lawton, OK","latitude":33.9059285,"longitude":-99.039775},"geometry":{"type":"Polygon","coordinates":[[[-100.5192,33.83537],[-100.05111,33.83537],[-99.9991,34.56078],[-99.66392,34.50612],[-99.6697,34.72474],[-99.4212,34.72474],[-99.40387,34.81417],[-99.18427,34.85889],[-99.16115,34.70983],[-99.03979,34.68996],[-99.10336,34.63779],[-98.82597,34.59307],[-98.82597,34.8564],[-98.09205,34.85392],[-98.08627,34.68002],[-97.56039,34.68002],[-97.56039,33.89996],[-97.67018,33.99188],[-97.832,33.85773],[-97.97647,33.89003],[-97.97647,33.4677],[-98.42145,33.4677],[-98.42723,32.95346],[-99.47322,32.95594],[-99.47322,33.39814],[-100.5192,33.39814],[-100.5192,33.83537]]]}},{"type":"Feature","properties":{"dma_code":678,"name":"Wichita-Hutchinson, KS Plus","latitude":38.672948,"longitude":-99.005353},"geometry":{"type":"Polygon","coordinates":[[[-95.9654,37.29843],[-96.52595,37.3034],[-96.52595,36.99784],[-101.55363,36.99535],[-101.55941,37.38786],[-102.03907,37.39035],[-102.05062,40.3491],[-101.32248,40.35159],[-101.32248,40.00379],[-99.62347,40.00131],[-99.62925,39.56656],[-97.93024,39.56656],[-97.93024,39.30571],[-97.36968,39.30571],[-97.36968,39.13182],[-96.96515,39.13182],[-96.89003,38.87097],[-96.93048,38.52317],[-96.35259,38.52069],[-96.35836,38.17289],[-95.95962,38.17041],[-95.95962,37.38786],[-95.9654,37.29843]]]}},{"type":"Feature","properties":{"dma_code":577,"name":"Wilkes Barre-Scranton, PA","latitude":41.2488125,"longitude":-76.530153},"geometry":{"type":"Polygon","coordinates":[[[-77.98711,41.47447],[-76.87755,41.59123],[-76.92956,42.00114],[-75.35769,41.99865],[-75.25944,41.86202],[-75.07452,41.81482],[-75.04562,41.61608],[-75.26522,41.3751],[-75.35191,41.36765],[-75.35769,41.23847],[-75.12653,41.25337],[-75.15542,41.14904],[-74.96472,41.09438],[-75.28834,40.86335],[-75.68709,40.77391],[-75.99337,40.63976],[-76.01649,40.57269],[-76.43835,40.49567],[-76.70418,40.65715],[-76.918,40.6025],[-77.03936,40.67951],[-77.3572,40.70187],[-77.36298,40.84844],[-77.14338,41.0447],[-77.50745,40.96272],[-77.57102,41.06705],[-77.89464,41.17636],[-77.90042,41.25337],[-78.03912,41.154],[-78.09113,41.21611],[-77.98711,41.47447]]]}},{"type":"Feature","properties":{"dma_code":550,"name":"Wilmington, NC","latitude":34.3480385,"longitude":-78.294559},"geometry":{"type":"MultiPolygon","coordinates":[[[[-79.07355,34.29993],[-78.84239,34.50861],[-78.80772,34.68996],[-78.90018,34.83404],[-78.49565,34.8564],[-78.25294,34.55332],[-78.11424,34.72225],[-77.68082,34.71977],[-77.53635,34.45644],[-77.67504,34.36452],[-77.73283,34.31235],[-77.82529,34.20553],[-77.88308,34.0987],[-77.89464,34.0366],[-77.88308,34.07635],[-77.87153,34.07635],[-77.93509,33.92977],[-77.92932,34.02418],[-78.02178,33.91735],[-78.21826,33.95213],[-78.57656,33.88009],[-79.07355,34.29993]]],[[[-77.51901,34.44153],[-77.64615,34.34961],[-77.65193,34.34713],[-77.58836,34.4142],[-77.51901,34.44153]]],[[[-77.70972,34.29744],[-77.69816,34.34465],[-77.65771,34.34713],[-77.68082,34.33222],[-77.70972,34.29744]]],[[[-77.72705,34.29496],[-77.73283,34.3049],[-77.71549,34.32229],[-77.70972,34.30738],[-77.72705,34.29496]]],[[[-77.76751,34.25273],[-77.75595,34.2577],[-77.75017,34.26266],[-77.74439,34.29496],[-77.71549,34.29248],[-77.76173,34.24527],[-77.76751,34.25273]]],[[[-77.76751,34.25273],[-77.77328,34.24527],[-77.77906,34.24776],[-77.75595,34.26515],[-77.76751,34.25273]]],[[[-77.81374,34.18565],[-77.79062,34.21795],[-77.80796,34.22043],[-77.76751,34.24527],[-77.81374,34.18565]]],[[[-77.80218,34.20553],[-77.81374,34.21546],[-77.81374,34.21795],[-77.7964,34.21795],[-77.80218,34.20553]]],[[[-77.88308,34.07883],[-77.85997,34.14342],[-77.81374,34.18068],[-77.87153,34.07883],[-77.88308,34.07883]]],[[[-78.016,33.88754],[-78.12002,33.9099],[-78.2356,33.91238],[-78.2356,33.91735],[-78.05645,33.91984],[-78.016,33.88754]]],[[[-78.36852,33.89996],[-78.38007,33.90493],[-78.2356,33.91984],[-78.2356,33.90742],[-78.36852,33.89996]]],[[[-77.95821,33.84034],[-78.01022,33.86767],[-77.96977,33.8776],[-77.94665,33.91735],[-77.95821,33.84034]]],[[[-78.47254,33.87512],[-78.43786,33.89499],[-78.38585,33.90493],[-78.39163,33.89748],[-78.47254,33.87512]]],[[[-77.96977,33.88009],[-77.98133,33.88506],[-77.98133,33.88754],[-77.98711,33.89251],[-77.96977,33.88009]]],[[[-78.48409,33.88754],[-78.47254,33.88754],[-78.47254,33.88257],[-78.47832,33.8776],[-78.48409,33.88754]]],[[[-78.48409,33.88754],[-78.48987,33.8776],[-78.49565,33.88257],[-78.50143,33.88257],[-78.48409,33.88754]]],[[[-78.53033,33.85773],[-78.51299,33.87264],[-78.51877,33.8776],[-78.48409,33.87512],[-78.53033,33.85773]]],[[[-78.54188,33.87512],[-78.51877,33.86767],[-78.5361,33.86518],[-78.54188,33.86021],[-78.54188,33.87512]]],[[[-78.54188,33.87512],[-78.54766,33.86518],[-78.54188,33.86021],[-78.55922,33.86518],[-78.54188,33.87512]]],[[[-78.54188,33.85028],[-78.54188,33.85773],[-78.52455,33.8627],[-78.53033,33.85525],[-78.54188,33.85028]]]]}},{"type":"Feature","properties":{"dma_code":810,"name":"Yakima-Pasco-Richland-Kennewick, WA","latitude":46.29578,"longitude":-119.748852},"geometry":{"type":"Polygon","coordinates":[[[-119.67062,44.99467],[-119.79198,44.99467],[-119.75731,45.16857],[-120.0058,45.258],[-120.00002,45.81199],[-119.8671,45.83683],[-119.8671,46.04054],[-121.52566,46.04303],[-121.52566,46.38834],[-121.39275,46.39082],[-121.45631,46.52001],[-121.35229,46.71378],[-121.52566,46.87277],[-121.37541,47.05412],[-121.41008,47.11871],[-121.30028,47.14852],[-121.34651,47.28267],[-121.46787,47.36714],[-121.23094,47.56588],[-121.11536,47.59818],[-120.90731,47.42428],[-120.56636,47.30752],[-120.01158,47.22554],[-120.04047,47.07151],[-119.92489,46.81066],[-119.97113,46.72372],[-119.896,46.6318],[-119.62439,46.64422],[-119.51459,46.7262],[-119.37012,46.679],[-119.37012,46.73614],[-118.20855,46.73862],[-118.24322,46.29394],[-117.98895,46.20699],[-117.97161,45.81696],[-118.04674,45.81696],[-118.11609,45.68778],[-118.11609,45.47165],[-118.40503,45.44184],[-118.42815,45.35489],[-118.69976,45.34495],[-118.65353,45.1959],[-118.54951,45.1959],[-118.52061,44.99715],[-119.67062,44.99467]]]}},{"type":"Feature","properties":{"dma_code":536,"name":"Youngstown, OH","latitude":41.0505515,"longitude":-80.543523},"geometry":{"type":"Polygon","coordinates":[[[-79.99818,41.48938],[-79.99818,41.17139],[-80.09642,41.06954],[-80.51828,41.12419],[-80.51828,40.63976],[-80.85924,40.60001],[-80.91703,40.72671],[-81.08462,40.72671],[-81.08462,40.98756],[-80.99793,40.98756],[-81.00371,41.5018],[-80.51828,41.49932],[-79.99818,41.48938]]]}},{"type":"Feature","properties":{"dma_code":771,"name":"Yuma, AZ-El Centro, CA","latitude":32.751631,"longitude":-114.7199745},"geometry":{"type":"Polygon","coordinates":[[[-113.33112,32.50381],[-113.33112,32.03925],[-114.81631,32.49387],[-114.71807,32.71994],[-116.10501,32.61808],[-116.08768,33.42547],[-114.6256,33.43292],[-114.72385,33.40559],[-114.72962,33.30126],[-114.67184,33.25902],[-114.70651,33.08761],[-114.60249,33.0255],[-114.26731,33.03047],[-114.26731,33.46273],[-113.95525,33.46522],[-113.95525,33.37827],[-113.33112,33.37827],[-113.33112,32.50381]]]}},{"type":"Feature","properties":{"dma_code":596,"name":"Zanesville, OH","latitude":39.961236,"longitude":-81.9657085},"geometry":{"type":"Polygon","coordinates":[[[-81.69719,39.75536],[-82.0786,39.77027],[-82.17106,39.81996],[-82.1595,39.90939],[-82.23463,39.91436],[-82.1884,40.16775],[-81.71452,40.15285],[-81.69719,39.75536]]]}}]}
